customer_id,converted,customer_segment,gender,age,related_customers,family_size,initial_fee_level,credit_account_id,branch
15001,0,13,male,22.0,1,0,14.5,9b2d5b4678781e53038e91ea5324530a03f27dc1d0e5f6c9bc9d493a23be9de0,Helsinki
15002,1,11,female,38.0,1,0,142.5666,afa2dc179e46e8456ffff9016f91396e9c6adf1fe20d17b6a85fd3452a1b5bb6,Tampere
15003,1,13,female,26.0,0,0,15.85,9b2d5b4678781e53038e91ea5324530a03f27dc1d0e5f6c9bc9d493a23be9de0,Helsinki
15004,1,11,female,35.0,1,0,106.2,abefcf257b5d2ff2816a68ec7c84ec8c11e0e0dc4f3425dfe08b29e9b9e5e3b9,Helsinki
15005,0,13,male,35.0,0,0,16.1,9b2d5b4678781e53038e91ea5324530a03f27dc1d0e5f6c9bc9d493a23be9de0,Helsinki
15006,0,13,male,,0,0,16.9166,9b2d5b4678781e53038e91ea5324530a03f27dc1d0e5f6c9bc9d493a23be9de0,Turku
15007,0,11,male,54.0,0,0,103.725,68781db29be014199a40a50d93c5f1595dde7ca164c5b0b223b24864908a7576,Helsinki
15008,0,13,male,2.0,3,1,42.15,9b2d5b4678781e53038e91ea5324530a03f27dc1d0e5f6c9bc9d493a23be9de0,Helsinki
15009,1,13,female,27.0,0,2,22.2666,9b2d5b4678781e53038e91ea5324530a03f27dc1d0e5f6c9bc9d493a23be9de0,Helsinki
15010,1,12,female,14.0,1,0,60.1416,9b2d5b4678781e53038e91ea5324530a03f27dc1d0e5f6c9bc9d493a23be9de0,Tampere
15011,1,13,female,4.0,1,1,33.4,780d558be6960a54064f888577409d1c92eb7c3d6c65e6bf4f286a3e26dde543,Helsinki
15012,1,11,female,58.0,0,0,53.1,f6782921285fc5cc44923c74e50f010b29ba4e7756879cbbb5b5a7103b97f7fa,Helsinki
15013,0,13,male,20.0,0,0,16.1,9b2d5b4678781e53038e91ea5324530a03f27dc1d0e5f6c9bc9d493a23be9de0,Helsinki
15014,0,13,male,39.0,1,5,62.55,9b2d5b4678781e53038e91ea5324530a03f27dc1d0e5f6c9bc9d493a23be9de0,Helsinki
15015,0,13,female,14.0,0,0,15.7084,9b2d5b4678781e53038e91ea5324530a03f27dc1d0e5f6c9bc9d493a23be9de0,Helsinki
15016,1,12,female,55.0,0,0,32.0,9b2d5b4678781e53038e91ea5324530a03f27dc1d0e5f6c9bc9d493a23be9de0,Helsinki
15017,0,13,male,2.0,4,1,58.25,9b2d5b4678781e53038e91ea5324530a03f27dc1d0e5f6c9bc9d493a23be9de0,Turku
15018,1,12,male,,0,0,26.0,9b2d5b4678781e53038e91ea5324530a03f27dc1d0e5f6c9bc9d493a23be9de0,Helsinki
15019,0,13,female,31.0,1,0,36.0,9b2d5b4678781e53038e91ea5324530a03f27dc1d0e5f6c9bc9d493a23be9de0,Helsinki
15020,1,13,female,,0,0,14.45,9b2d5b4678781e53038e91ea5324530a03f27dc1d0e5f6c9bc9d493a23be9de0,Tampere
15021,0,12,male,35.0,0,0,52.0,9b2d5b4678781e53038e91ea5324530a03f27dc1d0e5f6c9bc9d493a23be9de0,Helsinki
15022,1,12,male,34.0,0,0,26.0,c98ac7271f97863b2c1ef37560ff3e840c28c79815d5c7284c6a9f0d1d5b27ec,Helsinki
15023,1,13,female,15.0,0,0,16.0584,9b2d5b4678781e53038e91ea5324530a03f27dc1d0e5f6c9bc9d493a23be9de0,Turku
15024,1,11,male,28.0,0,0,71.0,d94791a85f88d5f49c3cc06d5557316cf743d60149820c594f389a1b301ff021,Helsinki
15025,0,13,female,8.0,3,1,42.15,9b2d5b4678781e53038e91ea5324530a03f27dc1d0e5f6c9bc9d493a23be9de0,Helsinki
15026,1,13,female,38.0,1,5,62.775,9b2d5b4678781e53038e91ea5324530a03f27dc1d0e5f6c9bc9d493a23be9de0,Helsinki
15027,0,13,male,,0,0,14.45,9b2d5b4678781e53038e91ea5324530a03f27dc1d0e5f6c9bc9d493a23be9de0,Tampere
15028,0,11,male,19.0,3,2,526.0,f0d3a2a5176986eddfdd60b0b303d8fd7c4dfe3060479feee41224ef86f7174a,Helsinki
15029,1,13,female,,0,0,15.7584,9b2d5b4678781e53038e91ea5324530a03f27dc1d0e5f6c9bc9d493a23be9de0,Turku
15030,0,13,male,,0,0,15.7916,9b2d5b4678781e53038e91ea5324530a03f27dc1d0e5f6c9bc9d493a23be9de0,Helsinki
15031,0,11,male,40.0,0,0,55.4416,9b2d5b4678781e53038e91ea5324530a03f27dc1d0e5f6c9bc9d493a23be9de0,Tampere
15032,1,11,female,,1,0,293.0416,f130beaf1df0e8c123176c12084586f6c8c6cafab78069112eddb74b2a01f44f,Tampere
15033,1,13,female,,0,0,15.5,9b2d5b4678781e53038e91ea5324530a03f27dc1d0e5f6c9bc9d493a23be9de0,Turku
15034,0,12,male,66.0,0,0,21.0,9b2d5b4678781e53038e91ea5324530a03f27dc1d0e5f6c9bc9d493a23be9de0,Helsinki
15035,0,11,male,28.0,1,0,164.3416,9b2d5b4678781e53038e91ea5324530a03f27dc1d0e5f6c9bc9d493a23be9de0,Tampere
15036,0,11,male,42.0,1,0,104.0,9b2d5b4678781e53038e91ea5324530a03f27dc1d0e5f6c9bc9d493a23be9de0,Helsinki
15037,1,13,male,,0,0,14.4584,9b2d5b4678781e53038e91ea5324530a03f27dc1d0e5f6c9bc9d493a23be9de0,Tampere
15038,0,13,male,21.0,0,0,16.1,9b2d5b4678781e53038e91ea5324530a03f27dc1d0e5f6c9bc9d493a23be9de0,Helsinki
15039,0,13,female,18.0,2,0,36.0,9b2d5b4678781e53038e91ea5324530a03f27dc1d0e5f6c9bc9d493a23be9de0,Helsinki
15040,1,13,female,14.0,1,0,22.4834,9b2d5b4678781e53038e91ea5324530a03f27dc1d0e5f6c9bc9d493a23be9de0,Tampere
15041,0,13,female,40.0,1,0,18.95,9b2d5b4678781e53038e91ea5324530a03f27dc1d0e5f6c9bc9d493a23be9de0,Helsinki
15042,0,12,female,27.0,1,0,42.0,9b2d5b4678781e53038e91ea5324530a03f27dc1d0e5f6c9bc9d493a23be9de0,Helsinki
15043,0,13,male,,0,0,15.7916,9b2d5b4678781e53038e91ea5324530a03f27dc1d0e5f6c9bc9d493a23be9de0,Tampere
15044,1,12,female,3.0,1,2,83.1584,9b2d5b4678781e53038e91ea5324530a03f27dc1d0e5f6c9bc9d493a23be9de0,Tampere
15045,1,13,female,19.0,0,0,15.7584,9b2d5b4678781e53038e91ea5324530a03f27dc1d0e5f6c9bc9d493a23be9de0,Turku
15046,0,13,male,,0,0,16.1,9b2d5b4678781e53038e91ea5324530a03f27dc1d0e5f6c9bc9d493a23be9de0,Helsinki
15047,0,13,male,,1,0,31.0,9b2d5b4678781e53038e91ea5324530a03f27dc1d0e5f6c9bc9d493a23be9de0,Turku
15048,1,13,female,,0,0,15.5,9b2d5b4678781e53038e91ea5324530a03f27dc1d0e5f6c9bc9d493a23be9de0,Turku
15049,0,13,male,,2,0,43.3584,9b2d5b4678781e53038e91ea5324530a03f27dc1d0e5f6c9bc9d493a23be9de0,Tampere
15050,0,13,female,18.0,1,0,35.6,9b2d5b4678781e53038e91ea5324530a03f27dc1d0e5f6c9bc9d493a23be9de0,Helsinki
15051,0,13,male,7.0,4,1,79.375,9b2d5b4678781e53038e91ea5324530a03f27dc1d0e5f6c9bc9d493a23be9de0,Helsinki
15052,0,13,male,21.0,0,0,15.6,9b2d5b4678781e53038e91ea5324530a03f27dc1d0e5f6c9bc9d493a23be9de0,Helsinki
15053,1,11,female,49.0,1,0,153.4584,2581665cb758846f14fa52761c4c872ec17877cd157cd9e86146266d2ecfe997,Tampere
15054,1,12,female,29.0,1,0,52.0,9b2d5b4678781e53038e91ea5324530a03f27dc1d0e5f6c9bc9d493a23be9de0,Helsinki
15055,0,11,male,65.0,0,1,123.9584,726a2749e243fa32b5dbbbcde1ff60642830a8a6f7afba55458ac681a6908461,Tampere
15056,1,11,male,,0,0,71.0,8bcd382724ad10f5fa61a06ec296715b408693f3dad6b73aaff04a7c0100cd69,Helsinki
15057,1,12,female,21.0,0,0,21.0,9b2d5b4678781e53038e91ea5324530a03f27dc1d0e5f6c9bc9d493a23be9de0,Helsinki
15058,0,13,male,28.5,0,0,14.4584,9b2d5b4678781e53038e91ea5324530a03f27dc1d0e5f6c9bc9d493a23be9de0,Tampere
15059,1,12,female,5.0,1,2,55.5,9b2d5b4678781e53038e91ea5324530a03f27dc1d0e5f6c9bc9d493a23be9de0,Helsinki
15060,0,13,male,11.0,5,2,93.8,9b2d5b4678781e53038e91ea5324530a03f27dc1d0e5f6c9bc9d493a23be9de0,Helsinki
15061,0,13,male,22.0,0,0,14.4584,9b2d5b4678781e53038e91ea5324530a03f27dc1d0e5f6c9bc9d493a23be9de0,Tampere
15062,1,11,female,38.0,0,0,160.0,8abdf1580603d91a8e255690a4b7381a36aff7b0c4c0c6589831ddf165aca75c,
15063,0,11,male,45.0,1,0,166.95,96e42b813507817206f8f5ec20269933e9049958c9c5a547c5bbd76fc325ba1a,Helsinki
15064,0,13,male,4.0,3,2,55.8,9b2d5b4678781e53038e91ea5324530a03f27dc1d0e5f6c9bc9d493a23be9de0,Helsinki
15065,0,11,male,,0,0,55.4416,9b2d5b4678781e53038e91ea5324530a03f27dc1d0e5f6c9bc9d493a23be9de0,Tampere
15066,1,13,male,,1,1,30.4916,9b2d5b4678781e53038e91ea5324530a03f27dc1d0e5f6c9bc9d493a23be9de0,Tampere
15067,1,12,female,29.0,0,0,21.0,16ee13fe0dd987f3ef966e930adebd1e4f5d40f6180ac7eadb416079d5c637f1,Helsinki
15068,0,13,male,19.0,0,0,16.3166,9b2d5b4678781e53038e91ea5324530a03f27dc1d0e5f6c9bc9d493a23be9de0,Helsinki
15069,1,13,female,17.0,4,2,15.85,9b2d5b4678781e53038e91ea5324530a03f27dc1d0e5f6c9bc9d493a23be9de0,Helsinki
15070,0,13,male,26.0,2,0,17.325,9b2d5b4678781e53038e91ea5324530a03f27dc1d0e5f6c9bc9d493a23be9de0,Helsinki
15071,0,12,male,32.0,0,0,21.0,9b2d5b4678781e53038e91ea5324530a03f27dc1d0e5f6c9bc9d493a23be9de0,Helsinki
15072,0,13,female,16.0,5,2,93.8,9b2d5b4678781e53038e91ea5324530a03f27dc1d0e5f6c9bc9d493a23be9de0,Helsinki
15073,0,12,male,21.0,0,0,147.0,9b2d5b4678781e53038e91ea5324530a03f27dc1d0e5f6c9bc9d493a23be9de0,Helsinki
15074,0,13,male,26.0,1,0,28.9084,9b2d5b4678781e53038e91ea5324530a03f27dc1d0e5f6c9bc9d493a23be9de0,Tampere
15075,1,13,male,32.0,0,0,112.9916,9b2d5b4678781e53038e91ea5324530a03f27dc1d0e5f6c9bc9d493a23be9de0,Helsinki
15076,0,13,male,25.0,0,0,15.3,61aa86472f61ce6ed9e6dcbf446c0a537ee0355161d961bc5ce18a9877a2737e,Helsinki
15077,0,13,male,,0,0,15.7916,9b2d5b4678781e53038e91ea5324530a03f27dc1d0e5f6c9bc9d493a23be9de0,Helsinki
15078,0,13,male,,0,0,16.1,9b2d5b4678781e53038e91ea5324530a03f27dc1d0e5f6c9bc9d493a23be9de0,Helsinki
15079,1,12,male,0.83,0,2,58.0,9b2d5b4678781e53038e91ea5324530a03f27dc1d0e5f6c9bc9d493a23be9de0,Helsinki
15080,1,13,female,30.0,0,0,24.95,9b2d5b4678781e53038e91ea5324530a03f27dc1d0e5f6c9bc9d493a23be9de0,Helsinki
15081,0,13,male,22.0,0,0,18.0,9b2d5b4678781e53038e91ea5324530a03f27dc1d0e5f6c9bc9d493a23be9de0,Helsinki
15082,1,13,male,29.0,0,0,19.0,9b2d5b4678781e53038e91ea5324530a03f27dc1d0e5f6c9bc9d493a23be9de0,Helsinki
15083,1,13,female,,0,0,15.575,9b2d5b4678781e53038e91ea5324530a03f27dc1d0e5f6c9bc9d493a23be9de0,Turku
15084,0,11,male,28.0,0,0,94.2,9b2d5b4678781e53038e91ea5324530a03f27dc1d0e5f6c9bc9d493a23be9de0,Helsinki
15085,1,12,female,17.0,0,0,21.0,9b2d5b4678781e53038e91ea5324530a03f27dc1d0e5f6c9bc9d493a23be9de0,Helsinki
15086,1,13,female,33.0,3,0,31.7,9b2d5b4678781e53038e91ea5324530a03f27dc1d0e5f6c9bc9d493a23be9de0,Helsinki
15087,0,13,male,16.0,1,3,68.75,9b2d5b4678781e53038e91ea5324530a03f27dc1d0e5f6c9bc9d493a23be9de0,Helsinki
15088,0,13,male,,0,0,16.1,9b2d5b4678781e53038e91ea5324530a03f27dc1d0e5f6c9bc9d493a23be9de0,Helsinki
15089,1,11,female,23.0,3,2,526.0,f0d3a2a5176986eddfdd60b0b303d8fd7c4dfe3060479feee41224ef86f7174a,Helsinki
15090,0,13,male,24.0,0,0,16.1,9b2d5b4678781e53038e91ea5324530a03f27dc1d0e5f6c9bc9d493a23be9de0,Helsinki
15091,0,13,male,29.0,0,0,16.1,9b2d5b4678781e53038e91ea5324530a03f27dc1d0e5f6c9bc9d493a23be9de0,Helsinki
15092,0,13,male,20.0,0,0,15.7084,9b2d5b4678781e53038e91ea5324530a03f27dc1d0e5f6c9bc9d493a23be9de0,Helsinki
15093,0,11,male,46.0,1,0,122.35,7e0889515d49e18686b58df097a8dd29bc76bae798d99a22986be89dc48bab69,Helsinki
15094,0,13,male,26.0,1,2,41.15,9b2d5b4678781e53038e91ea5324530a03f27dc1d0e5f6c9bc9d493a23be9de0,Helsinki
15095,0,13,male,59.0,0,0,14.5,9b2d5b4678781e53038e91ea5324530a03f27dc1d0e5f6c9bc9d493a23be9de0,Helsinki
15096,0,13,male,,0,0,16.1,9b2d5b4678781e53038e91ea5324530a03f27dc1d0e5f6c9bc9d493a23be9de0,Helsinki
15097,0,11,male,71.0,0,0,69.3084,ea644b359f0b0abde72ab7dbdc03c7d630537bdd0fd7ca1bbb99d41e7f446eea,Tampere
15098,1,11,male,23.0,0,1,126.7166,5786977fcaaed30edea6b9e2faf290ec82e2793ad0c7ccb3cef9117b683384ab,Tampere
15099,1,12,female,34.0,0,1,46.0,9b2d5b4678781e53038e91ea5324530a03f27dc1d0e5f6c9bc9d493a23be9de0,Helsinki
15100,0,12,male,34.0,1,0,52.0,9b2d5b4678781e53038e91ea5324530a03f27dc1d0e5f6c9bc9d493a23be9de0,Helsinki
15101,0,13,female,28.0,0,0,15.7916,9b2d5b4678781e53038e91ea5324530a03f27dc1d0e5f6c9bc9d493a23be9de0,Helsinki
15102,0,13,male,,0,0,15.7916,9b2d5b4678781e53038e91ea5324530a03f27dc1d0e5f6c9bc9d493a23be9de0,Helsinki
15103,0,11,male,21.0,0,1,154.575,708cd051cd714b48c4e0b70d26760dc055b03e2922895e86efa08ea3cff3c645,Helsinki
15104,0,13,male,33.0,0,0,17.3084,9b2d5b4678781e53038e91ea5324530a03f27dc1d0e5f6c9bc9d493a23be9de0,Helsinki
15105,0,13,male,37.0,2,0,15.85,9b2d5b4678781e53038e91ea5324530a03f27dc1d0e5f6c9bc9d493a23be9de0,Helsinki
15106,0,13,male,28.0,0,0,15.7916,9b2d5b4678781e53038e91ea5324530a03f27dc1d0e5f6c9bc9d493a23be9de0,Helsinki
15107,1,13,female,21.0,0,0,15.3,9b2d5b4678781e53038e91ea5324530a03f27dc1d0e5f6c9bc9d493a23be9de0,Helsinki
15108,1,13,male,,0,0,15.55,9b2d5b4678781e53038e91ea5324530a03f27dc1d0e5f6c9bc9d493a23be9de0,Helsinki
15109,0,13,male,38.0,0,0,15.7916,9b2d5b4678781e53038e91ea5324530a03f27dc1d0e5f6c9bc9d493a23be9de0,Helsinki
15110,1,13,female,,1,0,48.3,9b2d5b4678781e53038e91ea5324530a03f27dc1d0e5f6c9bc9d493a23be9de0,Turku
15111,0,11,male,47.0,0,0,104.0,b2c7b4086b5adf3a66cc6e00b8ad172af0d6fda8d891da33f58b8d9a43393624,Helsinki
15112,0,13,female,14.5,1,0,28.9084,9b2d5b4678781e53038e91ea5324530a03f27dc1d0e5f6c9bc9d493a23be9de0,Tampere
15113,0,13,male,22.0,0,0,16.1,9b2d5b4678781e53038e91ea5324530a03f27dc1d0e5f6c9bc9d493a23be9de0,Helsinki
15114,0,13,female,20.0,1,0,19.65,9b2d5b4678781e53038e91ea5324530a03f27dc1d0e5f6c9bc9d493a23be9de0,Helsinki
15115,0,13,female,17.0,0,0,28.9166,9b2d5b4678781e53038e91ea5324530a03f27dc1d0e5f6c9bc9d493a23be9de0,Tampere
15116,0,13,male,21.0,0,0,15.85,9b2d5b4678781e53038e91ea5324530a03f27dc1d0e5f6c9bc9d493a23be9de0,Helsinki
15117,0,13,male,70.5,0,0,15.5,9b2d5b4678781e53038e91ea5324530a03f27dc1d0e5f6c9bc9d493a23be9de0,Turku
15118,0,12,male,29.0,1,0,42.0,9b2d5b4678781e53038e91ea5324530a03f27dc1d0e5f6c9bc9d493a23be9de0,Helsinki
15119,0,11,male,24.0,0,1,495.0416,f8bbbdaaa06162ba302b171170c4d9da650747734bc10a148375d02ed849a38b,Tampere
15120,0,13,female,2.0,4,2,62.55,9b2d5b4678781e53038e91ea5324530a03f27dc1d0e5f6c9bc9d493a23be9de0,Helsinki
15121,0,12,male,21.0,2,0,147.0,9b2d5b4678781e53038e91ea5324530a03f27dc1d0e5f6c9bc9d493a23be9de0,Helsinki
15122,0,13,male,,0,0,16.1,9b2d5b4678781e53038e91ea5324530a03f27dc1d0e5f6c9bc9d493a23be9de0,Helsinki
15123,0,12,male,32.5,1,0,60.1416,9b2d5b4678781e53038e91ea5324530a03f27dc1d0e5f6c9bc9d493a23be9de0,Tampere
15124,1,12,female,32.5,0,0,26.0,85c134f55482319d860bd23bfa25054fcce14e20b57de3327680aecd58d273b7,Helsinki
15125,0,11,male,54.0,0,1,154.575,708cd051cd714b48c4e0b70d26760dc055b03e2922895e86efa08ea3cff3c645,Helsinki
15126,1,13,male,12.0,1,0,22.4834,9b2d5b4678781e53038e91ea5324530a03f27dc1d0e5f6c9bc9d493a23be9de0,Tampere
15127,0,13,male,,0,0,15.5,9b2d5b4678781e53038e91ea5324530a03f27dc1d0e5f6c9bc9d493a23be9de0,Turku
15128,1,13,male,24.0,0,0,14.2834,9b2d5b4678781e53038e91ea5324530a03f27dc1d0e5f6c9bc9d493a23be9de0,Helsinki
15129,1,13,female,,1,1,44.7166,0eedb2ba2708ba15157e210be4c45fd7c50f128b04db0fb30699d8c9aefb6560,Tampere
15130,0,13,male,45.0,0,0,13.95,9b2d5b4678781e53038e91ea5324530a03f27dc1d0e5f6c9bc9d493a23be9de0,Helsinki
15131,0,13,male,33.0,0,0,15.7916,9b2d5b4678781e53038e91ea5324530a03f27dc1d0e5f6c9bc9d493a23be9de0,Tampere
15132,0,13,male,20.0,0,0,14.1,9b2d5b4678781e53038e91ea5324530a03f27dc1d0e5f6c9bc9d493a23be9de0,Helsinki
15133,0,13,female,47.0,1,0,29.0,9b2d5b4678781e53038e91ea5324530a03f27dc1d0e5f6c9bc9d493a23be9de0,Helsinki
15134,1,12,female,29.0,1,0,52.0,9b2d5b4678781e53038e91ea5324530a03f27dc1d0e5f6c9bc9d493a23be9de0,Helsinki
15135,0,12,male,25.0,0,0,26.0,9b2d5b4678781e53038e91ea5324530a03f27dc1d0e5f6c9bc9d493a23be9de0,Helsinki
15136,0,12,male,23.0,0,0,30.0916,9b2d5b4678781e53038e91ea5324530a03f27dc1d0e5f6c9bc9d493a23be9de0,Tampere
15137,1,11,female,19.0,0,2,52.5666,9b3b65a7bc03bc72fdb78bb86d799e9fdd2c7b727aec1656ae80c4cdabd0e567,Helsinki
15138,0,11,male,37.0,1,0,106.2,abefcf257b5d2ff2816a68ec7c84ec8c11e0e0dc4f3425dfe08b29e9b9e5e3b9,Helsinki
15139,0,13,male,16.0,0,0,18.4334,9b2d5b4678781e53038e91ea5324530a03f27dc1d0e5f6c9bc9d493a23be9de0,Helsinki
15140,0,11,male,24.0,0,0,158.4,93e69677a8c96f1c47ce45b15b5170ec77bb5acd22f147dee343bf75fa821fb2,Tampere
15141,0,13,female,,0,2,30.4916,9b2d5b4678781e53038e91ea5324530a03f27dc1d0e5f6c9bc9d493a23be9de0,Tampere
15142,1,13,female,22.0,0,0,15.5,9b2d5b4678781e53038e91ea5324530a03f27dc1d0e5f6c9bc9d493a23be9de0,Helsinki
15143,1,13,female,24.0,1,0,31.7,9b2d5b4678781e53038e91ea5324530a03f27dc1d0e5f6c9bc9d493a23be9de0,Helsinki
15144,0,13,male,19.0,0,0,13.5,9b2d5b4678781e53038e91ea5324530a03f27dc1d0e5f6c9bc9d493a23be9de0,Turku
15145,0,12,male,18.0,0,0,23.0,9b2d5b4678781e53038e91ea5324530a03f27dc1d0e5f6c9bc9d493a23be9de0,Helsinki
15146,0,12,male,19.0,1,1,73.5,9b2d5b4678781e53038e91ea5324530a03f27dc1d0e5f6c9bc9d493a23be9de0,Helsinki
15147,1,13,male,27.0,0,0,15.5916,9b2d5b4678781e53038e91ea5324530a03f27dc1d0e5f6c9bc9d493a23be9de0,Helsinki
15148,0,13,female,9.0,2,2,68.75,9b2d5b4678781e53038e91ea5324530a03f27dc1d0e5f6c9bc9d493a23be9de0,Helsinki
15149,0,12,male,36.5,0,2,52.0,8e2de3335023201ffa4d803767bdf12790c58f4f241554c544bde8bf7b8455a4,Helsinki
15150,0,12,male,42.0,0,0,26.0,9b2d5b4678781e53038e91ea5324530a03f27dc1d0e5f6c9bc9d493a23be9de0,Helsinki
15151,0,12,male,51.0,0,0,25.05,9b2d5b4678781e53038e91ea5324530a03f27dc1d0e5f6c9bc9d493a23be9de0,Helsinki
15152,1,11,female,22.0,1,0,133.2,9685eb765661ea3b95f31e1bb3c3b5501d0c2acdf353feeaa4d8fe32f95f77fb,Helsinki
15153,0,13,male,55.5,0,0,16.1,9b2d5b4678781e53038e91ea5324530a03f27dc1d0e5f6c9bc9d493a23be9de0,Helsinki
15154,0,13,male,40.5,0,2,29.0,9b2d5b4678781e53038e91ea5324530a03f27dc1d0e5f6c9bc9d493a23be9de0,Helsinki
15155,0,13,male,,0,0,14.625,9b2d5b4678781e53038e91ea5324530a03f27dc1d0e5f6c9bc9d493a23be9de0,Helsinki
15156,0,11,male,51.0,0,1,122.7584,9b2d5b4678781e53038e91ea5324530a03f27dc1d0e5f6c9bc9d493a23be9de0,Tampere
15157,1,13,female,16.0,0,0,15.4666,9b2d5b4678781e53038e91ea5324530a03f27dc1d0e5f6c9bc9d493a23be9de0,Turku
15158,0,13,male,30.0,0,0,16.1,9b2d5b4678781e53038e91ea5324530a03f27dc1d0e5f6c9bc9d493a23be9de0,Helsinki
15159,0,13,male,,0,0,17.325,9b2d5b4678781e53038e91ea5324530a03f27dc1d0e5f6c9bc9d493a23be9de0,Helsinki
15160,0,13,male,,8,2,139.1,9b2d5b4678781e53038e91ea5324530a03f27dc1d0e5f6c9bc9d493a23be9de0,Helsinki
15161,0,13,male,44.0,0,1,32.2,9b2d5b4678781e53038e91ea5324530a03f27dc1d0e5f6c9bc9d493a23be9de0,Helsinki
15162,1,12,female,40.0,0,0,31.5,9b2d5b4678781e53038e91ea5324530a03f27dc1d0e5f6c9bc9d493a23be9de0,Helsinki
15163,0,13,male,26.0,0,0,15.55,9b2d5b4678781e53038e91ea5324530a03f27dc1d0e5f6c9bc9d493a23be9de0,Helsinki
15164,0,13,male,17.0,0,0,17.325,9b2d5b4678781e53038e91ea5324530a03f27dc1d0e5f6c9bc9d493a23be9de0,Helsinki
15165,0,13,male,1.0,4,1,79.375,9b2d5b4678781e53038e91ea5324530a03f27dc1d0e5f6c9bc9d493a23be9de0,Helsinki
15166,1,13,male,9.0,0,2,41.05,9b2d5b4678781e53038e91ea5324530a03f27dc1d0e5f6c9bc9d493a23be9de0,Helsinki
15167,1,11,female,,0,1,110.0,f6769bd1324e0e4d7e36d66530aa56240fc9793a68372f0d68a3908a230e769a,Helsinki
15168,0,13,female,45.0,1,4,55.8,9b2d5b4678781e53038e91ea5324530a03f27dc1d0e5f6c9bc9d493a23be9de0,Helsinki
15169,0,11,male,,0,0,51.85,9b2d5b4678781e53038e91ea5324530a03f27dc1d0e5f6c9bc9d493a23be9de0,Helsinki
15170,0,13,male,28.0,0,0,112.9916,9b2d5b4678781e53038e91ea5324530a03f27dc1d0e5f6c9bc9d493a23be9de0,Helsinki
15171,0,11,male,61.0,0,0,67.0,d614cbb672fe000ee39c1919e5b034f2e55b702cafaff1a7cc5f37dcf7ad1024,Helsinki
15172,0,13,male,4.0,4,1,58.25,9b2d5b4678781e53038e91ea5324530a03f27dc1d0e5f6c9bc9d493a23be9de0,Turku
15173,1,13,female,1.0,1,1,22.2666,9b2d5b4678781e53038e91ea5324530a03f27dc1d0e5f6c9bc9d493a23be9de0,Helsinki
15174,0,13,male,21.0,0,0,15.85,9b2d5b4678781e53038e91ea5324530a03f27dc1d0e5f6c9bc9d493a23be9de0,Helsinki
15175,0,11,male,56.0,0,0,61.3916,724f7bdf7e74a5fe64337203fb8b6ccf4adfc2919665e67a81f02e81752c1c97,Tampere
15176,0,13,male,18.0,1,1,15.7084,9b2d5b4678781e53038e91ea5324530a03f27dc1d0e5f6c9bc9d493a23be9de0,Helsinki
15177,0,13,male,,3,1,50.9334,9b2d5b4678781e53038e91ea5324530a03f27dc1d0e5f6c9bc9d493a23be9de0,Helsinki
15178,0,11,female,50.0,0,0,57.425,b395c26d487171592a90dded0829dbc696ef5cc69d9f4f6f86b3727317836a76,Tampere
15179,0,12,male,30.0,0,0,26.0,9b2d5b4678781e53038e91ea5324530a03f27dc1d0e5f6c9bc9d493a23be9de0,Helsinki
15180,0,13,male,36.0,0,0,0.0,9b2d5b4678781e53038e91ea5324530a03f27dc1d0e5f6c9bc9d493a23be9de0,Helsinki
15181,0,13,female,,8,2,139.1,9b2d5b4678781e53038e91ea5324530a03f27dc1d0e5f6c9bc9d493a23be9de0,Helsinki
15182,0,12,male,,0,0,30.1,9b2d5b4678781e53038e91ea5324530a03f27dc1d0e5f6c9bc9d493a23be9de0,Tampere
15183,0,13,male,9.0,4,2,62.775,9b2d5b4678781e53038e91ea5324530a03f27dc1d0e5f6c9bc9d493a23be9de0,Helsinki
15184,1,12,male,1.0,2,1,78.0,015b7913470194d2a46ead719afc7768a3c4e8af770766cfe7898d7d834c0362,Helsinki
15185,1,13,female,4.0,0,2,44.05,9b2d5b4678781e53038e91ea5324530a03f27dc1d0e5f6c9bc9d493a23be9de0,Helsinki
15186,0,11,male,,0,0,100.0,25cac6548e8f6044c8b3e3def19ff83d9c03d38fbc42c09f4d92c36e03c3947e,Helsinki
15187,1,13,female,,1,0,31.0,9b2d5b4678781e53038e91ea5324530a03f27dc1d0e5f6c9bc9d493a23be9de0,Turku
15188,1,11,male,45.0,0,0,53.1,9b2d5b4678781e53038e91ea5324530a03f27dc1d0e5f6c9bc9d493a23be9de0,Helsinki
15189,0,13,male,40.0,1,1,31.0,9b2d5b4678781e53038e91ea5324530a03f27dc1d0e5f6c9bc9d493a23be9de0,Turku
15190,0,13,male,36.0,0,0,15.7916,9b2d5b4678781e53038e91ea5324530a03f27dc1d0e5f6c9bc9d493a23be9de0,Helsinki
15191,1,12,female,32.0,0,0,26.0,9b2d5b4678781e53038e91ea5324530a03f27dc1d0e5f6c9bc9d493a23be9de0,Helsinki
15192,0,12,male,19.0,0,0,26.0,9b2d5b4678781e53038e91ea5324530a03f27dc1d0e5f6c9bc9d493a23be9de0,Helsinki
15193,1,13,female,19.0,1,0,15.7084,9b2d5b4678781e53038e91ea5324530a03f27dc1d0e5f6c9bc9d493a23be9de0,Helsinki
15194,1,12,male,3.0,1,1,52.0,8e2de3335023201ffa4d803767bdf12790c58f4f241554c544bde8bf7b8455a4,Helsinki
15195,1,11,female,44.0,0,0,55.4416,239fd09dd1c48679b74cec2120cd5e448b002c728c05e9b10f2c19f298fbdd57,Tampere
15196,1,11,female,58.0,0,0,293.0416,1c39ea482e72bc89a2dcb4ccc5adef01a9532b2e53b1115dbc8247fa2c0237da,Tampere
15197,0,13,male,,0,0,15.5,9b2d5b4678781e53038e91ea5324530a03f27dc1d0e5f6c9bc9d493a23be9de0,Turku
15198,0,13,male,42.0,0,1,16.8084,9b2d5b4678781e53038e91ea5324530a03f27dc1d0e5f6c9bc9d493a23be9de0,Helsinki
15199,1,13,female,,0,0,15.5,9b2d5b4678781e53038e91ea5324530a03f27dc1d0e5f6c9bc9d493a23be9de0,Turku
15200,0,12,female,24.0,0,0,26.0,9b2d5b4678781e53038e91ea5324530a03f27dc1d0e5f6c9bc9d493a23be9de0,Helsinki
15201,0,13,male,28.0,0,0,19.0,9b2d5b4678781e53038e91ea5324530a03f27dc1d0e5f6c9bc9d493a23be9de0,Helsinki
15202,0,13,male,,8,2,139.1,9b2d5b4678781e53038e91ea5324530a03f27dc1d0e5f6c9bc9d493a23be9de0,Helsinki
15203,0,13,male,34.0,0,0,12.9916,9b2d5b4678781e53038e91ea5324530a03f27dc1d0e5f6c9bc9d493a23be9de0,Helsinki
15204,0,13,male,45.5,0,0,14.45,9b2d5b4678781e53038e91ea5324530a03f27dc1d0e5f6c9bc9d493a23be9de0,Tampere
15205,1,13,male,18.0,0,0,16.1,9b2d5b4678781e53038e91ea5324530a03f27dc1d0e5f6c9bc9d493a23be9de0,Helsinki
15206,0,13,female,2.0,0,1,20.925,780d558be6960a54064f888577409d1c92eb7c3d6c65e6bf4f286a3e26dde543,Helsinki
15207,0,13,male,32.0,1,0,31.7,9b2d5b4678781e53038e91ea5324530a03f27dc1d0e5f6c9bc9d493a23be9de0,Helsinki
15208,1,13,male,26.0,0,0,37.575,9b2d5b4678781e53038e91ea5324530a03f27dc1d0e5f6c9bc9d493a23be9de0,Tampere
15209,1,13,female,16.0,0,0,15.5,9b2d5b4678781e53038e91ea5324530a03f27dc1d0e5f6c9bc9d493a23be9de0,Turku
15210,1,11,male,40.0,0,0,62.0,70695fd1d9eef443b2401bd1ace6fe8113e66481ff3529986051dc3ceb2148c8,Tampere
15211,0,13,male,24.0,0,0,14.1,9b2d5b4678781e53038e91ea5324530a03f27dc1d0e5f6c9bc9d493a23be9de0,Helsinki
15212,1,12,female,35.0,0,0,42.0,9b2d5b4678781e53038e91ea5324530a03f27dc1d0e5f6c9bc9d493a23be9de0,Helsinki
15213,0,13,male,22.0,0,0,14.5,9b2d5b4678781e53038e91ea5324530a03f27dc1d0e5f6c9bc9d493a23be9de0,Helsinki
15214,0,12,male,30.0,0,0,26.0,9b2d5b4678781e53038e91ea5324530a03f27dc1d0e5f6c9bc9d493a23be9de0,Helsinki
15215,0,13,male,,1,0,15.5,9b2d5b4678781e53038e91ea5324530a03f27dc1d0e5f6c9bc9d493a23be9de0,Turku
15216,1,11,female,31.0,1,0,226.55,c1ded8b60ca5b4e1fa94b70d9669bcb5cb14f6da83fea7688e06fb9f53544f97,Tampere
15217,1,13,female,27.0,0,0,15.85,9b2d5b4678781e53038e91ea5324530a03f27dc1d0e5f6c9bc9d493a23be9de0,Helsinki
15218,0,12,male,42.0,1,0,54.0,9b2d5b4678781e53038e91ea5324530a03f27dc1d0e5f6c9bc9d493a23be9de0,Helsinki
15219,1,11,female,32.0,0,0,152.5834,d91f856d4ffd88ddf00f3febfd01ff9068ac308271e6b6dc4b486c9ea3a3bf23,Tampere
15220,0,12,male,30.0,0,0,21.0,9b2d5b4678781e53038e91ea5324530a03f27dc1d0e5f6c9bc9d493a23be9de0,Helsinki
15221,1,13,male,16.0,0,0,16.1,9b2d5b4678781e53038e91ea5324530a03f27dc1d0e5f6c9bc9d493a23be9de0,Helsinki
15222,0,12,male,27.0,0,0,26.0,9b2d5b4678781e53038e91ea5324530a03f27dc1d0e5f6c9bc9d493a23be9de0,Helsinki
15223,0,13,male,51.0,0,0,16.1,9b2d5b4678781e53038e91ea5324530a03f27dc1d0e5f6c9bc9d493a23be9de0,Helsinki
15224,0,13,male,,0,0,15.7916,9b2d5b4678781e53038e91ea5324530a03f27dc1d0e5f6c9bc9d493a23be9de0,Helsinki
15225,1,11,male,38.0,1,0,180.0,07b1e3ae8112fa9c3a4c616ad0e05ec81485abde26bfceef2ea0d9ed86ab8441,Helsinki
15226,0,13,male,22.0,0,0,18.7,9b2d5b4678781e53038e91ea5324530a03f27dc1d0e5f6c9bc9d493a23be9de0,Helsinki
15227,1,12,male,19.0,0,0,21.0,9b2d5b4678781e53038e91ea5324530a03f27dc1d0e5f6c9bc9d493a23be9de0,Helsinki
15228,0,13,male,20.5,0,0,14.5,9b2d5b4678781e53038e91ea5324530a03f27dc1d0e5f6c9bc9d493a23be9de0,Helsinki
15229,0,12,male,18.0,0,0,26.0,9b2d5b4678781e53038e91ea5324530a03f27dc1d0e5f6c9bc9d493a23be9de0,Helsinki
15230,0,13,female,,3,1,50.9334,9b2d5b4678781e53038e91ea5324530a03f27dc1d0e5f6c9bc9d493a23be9de0,Helsinki
15231,1,11,female,35.0,1,0,166.95,96e42b813507817206f8f5ec20269933e9049958c9c5a547c5bbd76fc325ba1a,Helsinki
15232,0,13,male,29.0,0,0,15.55,9b2d5b4678781e53038e91ea5324530a03f27dc1d0e5f6c9bc9d493a23be9de0,Helsinki
15233,0,12,male,59.0,0,0,27.0,9b2d5b4678781e53038e91ea5324530a03f27dc1d0e5f6c9bc9d493a23be9de0,Helsinki
15234,1,13,female,5.0,4,2,62.775,9b2d5b4678781e53038e91ea5324530a03f27dc1d0e5f6c9bc9d493a23be9de0,Helsinki
15235,0,12,male,24.0,0,0,21.0,9b2d5b4678781e53038e91ea5324530a03f27dc1d0e5f6c9bc9d493a23be9de0,Helsinki
15236,0,13,female,,0,0,15.1,9b2d5b4678781e53038e91ea5324530a03f27dc1d0e5f6c9bc9d493a23be9de0,Helsinki
15237,0,12,male,44.0,1,0,52.0,9b2d5b4678781e53038e91ea5324530a03f27dc1d0e5f6c9bc9d493a23be9de0,Helsinki
15238,1,12,female,8.0,0,2,52.5,9b2d5b4678781e53038e91ea5324530a03f27dc1d0e5f6c9bc9d493a23be9de0,Helsinki
15239,0,12,male,19.0,0,0,21.0,9b2d5b4678781e53038e91ea5324530a03f27dc1d0e5f6c9bc9d493a23be9de0,Helsinki
15240,0,12,male,33.0,0,0,24.55,9b2d5b4678781e53038e91ea5324530a03f27dc1d0e5f6c9bc9d493a23be9de0,Helsinki
15241,0,13,female,,1,0,28.9084,9b2d5b4678781e53038e91ea5324530a03f27dc1d0e5f6c9bc9d493a23be9de0,Tampere
15242,1,13,female,,1,0,31.0,9b2d5b4678781e53038e91ea5324530a03f27dc1d0e5f6c9bc9d493a23be9de0,Turku
15243,0,12,male,29.0,0,0,21.0,9b2d5b4678781e53038e91ea5324530a03f27dc1d0e5f6c9bc9d493a23be9de0,Helsinki
15244,0,13,male,22.0,0,0,14.25,9b2d5b4678781e53038e91ea5324530a03f27dc1d0e5f6c9bc9d493a23be9de0,Helsinki
15245,0,13,male,30.0,0,0,14.45,9b2d5b4678781e53038e91ea5324530a03f27dc1d0e5f6c9bc9d493a23be9de0,Tampere
15246,0,11,male,44.0,2,0,180.0,3985f7d65f674269a90d08d141a6e94a9dec26b4bcedfde16af9ff03f7a9553c,Turku
15247,0,13,female,25.0,0,0,15.55,9b2d5b4678781e53038e91ea5324530a03f27dc1d0e5f6c9bc9d493a23be9de0,Helsinki
15248,1,12,female,24.0,0,2,29.0,9b2d5b4678781e53038e91ea5324530a03f27dc1d0e5f6c9bc9d493a23be9de0,Helsinki
15249,1,11,male,37.0,1,1,105.1084,a5882870f8cff482dc6f0292fa5530fa6b8e637bcb12fd88738f6859c66d9ac2,Helsinki
15250,0,12,male,54.0,1,0,52.0,9b2d5b4678781e53038e91ea5324530a03f27dc1d0e5f6c9bc9d493a23be9de0,Helsinki
15251,0,13,male,,0,0,14.5,9b2d5b4678781e53038e91ea5324530a03f27dc1d0e5f6c9bc9d493a23be9de0,Helsinki
15252,0,13,female,29.0,1,1,20.925,780d558be6960a54064f888577409d1c92eb7c3d6c65e6bf4f286a3e26dde543,Helsinki
15253,0,11,male,62.0,0,0,53.1,48626fe99eea3243ffb9cd4f00d76a9b356a27395b1c72c23b1c8d248119ca45,Helsinki
15254,0,13,male,30.0,1,0,32.2,9b2d5b4678781e53038e91ea5324530a03f27dc1d0e5f6c9bc9d493a23be9de0,Helsinki
15255,0,13,female,41.0,0,2,40.425,9b2d5b4678781e53038e91ea5324530a03f27dc1d0e5f6c9bc9d493a23be9de0,Helsinki
15256,1,13,female,29.0,0,2,30.4916,9b2d5b4678781e53038e91ea5324530a03f27dc1d0e5f6c9bc9d493a23be9de0,Tampere
15257,1,11,female,,0,0,158.4,9b2d5b4678781e53038e91ea5324530a03f27dc1d0e5f6c9bc9d493a23be9de0,Tampere
15258,1,11,female,30.0,0,0,173.0,7e08c42e4ed0c7b8564a761383b0927a7d90dfc66ea8c99c8ebd19b743fcd821,Helsinki
15259,1,11,female,35.0,0,0,1024.6584,9b2d5b4678781e53038e91ea5324530a03f27dc1d0e5f6c9bc9d493a23be9de0,Tampere
15260,1,12,female,50.0,0,1,52.0,9b2d5b4678781e53038e91ea5324530a03f27dc1d0e5f6c9bc9d493a23be9de0,Helsinki
15261,0,13,male,,0,0,15.5,9b2d5b4678781e53038e91ea5324530a03f27dc1d0e5f6c9bc9d493a23be9de0,Turku
15262,1,13,male,3.0,4,2,62.775,9b2d5b4678781e53038e91ea5324530a03f27dc1d0e5f6c9bc9d493a23be9de0,Helsinki
15263,0,11,male,52.0,1,1,159.3,1aa01628a8d946b198f7e62ed3ead50bec11d2d5ff75bc2d6ccf3bab176baccc,Helsinki
15264,0,11,male,40.0,0,0,0.0,90cd4a827260c016de7c88cf869bcbd5dd72f36b1fa37aedb6beb5df96533695,Helsinki
15265,0,13,female,,0,0,15.5,9b2d5b4678781e53038e91ea5324530a03f27dc1d0e5f6c9bc9d493a23be9de0,Turku
15266,0,12,male,36.0,0,0,21.0,9b2d5b4678781e53038e91ea5324530a03f27dc1d0e5f6c9bc9d493a23be9de0,Helsinki
15267,0,13,male,16.0,4,1,79.375,9b2d5b4678781e53038e91ea5324530a03f27dc1d0e5f6c9bc9d493a23be9de0,Helsinki
15268,1,13,male,25.0,1,0,15.55,9b2d5b4678781e53038e91ea5324530a03f27dc1d0e5f6c9bc9d493a23be9de0,Helsinki
15269,1,11,female,58.0,0,1,306.925,138934917dd656ee435ecfcd2434e53133bbf7d293b25a1f7debcf01f2e50071,Helsinki
15270,1,11,female,35.0,0,0,271.2666,1b8109664cb6e461f4d7c4ff37c06bae5f3de0a41e500c577bef8b7eca3578ed,Helsinki
15271,0,11,male,,0,0,62.0,9b2d5b4678781e53038e91ea5324530a03f27dc1d0e5f6c9bc9d493a23be9de0,Helsinki
15272,1,13,male,25.0,0,0,0.0,9b2d5b4678781e53038e91ea5324530a03f27dc1d0e5f6c9bc9d493a23be9de0,Helsinki
15273,1,12,female,41.0,0,1,39.0,9b2d5b4678781e53038e91ea5324530a03f27dc1d0e5f6c9bc9d493a23be9de0,Helsinki
15274,0,11,male,37.0,0,1,59.4,14ee8c80d47b1be17a160b498362527a11f1210b5506fab7009416ffe84428d6,Tampere
15275,1,13,female,,0,0,15.5,9b2d5b4678781e53038e91ea5324530a03f27dc1d0e5f6c9bc9d493a23be9de0,Turku
15276,1,11,female,63.0,1,0,155.9166,2f434ba53bd39e7933d7e12070c4a783c41b3f1c68d9f14008cb29f7c3871a1e,Helsinki
15277,0,13,female,45.0,0,0,15.5,9b2d5b4678781e53038e91ea5324530a03f27dc1d0e5f6c9bc9d493a23be9de0,Helsinki
15278,0,12,male,,0,0,0.0,9b2d5b4678781e53038e91ea5324530a03f27dc1d0e5f6c9bc9d493a23be9de0,Helsinki
15279,0,13,male,7.0,4,1,58.25,9b2d5b4678781e53038e91ea5324530a03f27dc1d0e5f6c9bc9d493a23be9de0,Turku
15280,1,13,female,35.0,1,1,40.5,9b2d5b4678781e53038e91ea5324530a03f27dc1d0e5f6c9bc9d493a23be9de0,Helsinki
15281,0,13,male,65.0,0,0,15.5,9b2d5b4678781e53038e91ea5324530a03f27dc1d0e5f6c9bc9d493a23be9de0,Turku
15282,0,13,male,28.0,0,0,15.7084,9b2d5b4678781e53038e91ea5324530a03f27dc1d0e5f6c9bc9d493a23be9de0,Helsinki
15283,0,13,male,16.0,0,0,19.0,9b2d5b4678781e53038e91ea5324530a03f27dc1d0e5f6c9bc9d493a23be9de0,Helsinki
15284,1,13,male,19.0,0,0,16.1,9b2d5b4678781e53038e91ea5324530a03f27dc1d0e5f6c9bc9d493a23be9de0,Helsinki
15285,0,11,male,,0,0,52.0,9f426250ab1e75ba03c903aab350b75b928a83a12b2e651b5b6fb947b15481c1,Helsinki
15286,0,13,male,33.0,0,0,17.325,9b2d5b4678781e53038e91ea5324530a03f27dc1d0e5f6c9bc9d493a23be9de0,Tampere
15287,1,13,male,30.0,0,0,19.0,9b2d5b4678781e53038e91ea5324530a03f27dc1d0e5f6c9bc9d493a23be9de0,Helsinki
15288,0,13,male,22.0,0,0,15.7916,9b2d5b4678781e53038e91ea5324530a03f27dc1d0e5f6c9bc9d493a23be9de0,Helsinki
15289,1,12,male,42.0,0,0,26.0,9b2d5b4678781e53038e91ea5324530a03f27dc1d0e5f6c9bc9d493a23be9de0,Helsinki
15290,1,13,female,22.0,0,0,15.5,9b2d5b4678781e53038e91ea5324530a03f27dc1d0e5f6c9bc9d493a23be9de0,Turku
15291,1,11,female,26.0,0,0,157.7,9b2d5b4678781e53038e91ea5324530a03f27dc1d0e5f6c9bc9d493a23be9de0,Helsinki
15292,1,11,female,19.0,1,0,182.1584,2148b60771270f3f8acecb73410e0a7fb06dfc8192df52aa9ca91923d85a5cbc,Tampere
15293,0,12,male,36.0,0,0,25.75,3f39d5c348e5b79d06e842c114e6cc571583bbf44e4b0ebfda1a01ec05745d43,Tampere
15294,0,13,female,24.0,0,0,17.7,9b2d5b4678781e53038e91ea5324530a03f27dc1d0e5f6c9bc9d493a23be9de0,Helsinki
15295,0,13,male,24.0,0,0,15.7916,9b2d5b4678781e53038e91ea5324530a03f27dc1d0e5f6c9bc9d493a23be9de0,Helsinki
15296,0,11,male,,0,0,55.4416,9b2d5b4678781e53038e91ea5324530a03f27dc1d0e5f6c9bc9d493a23be9de0,Tampere
15297,0,13,male,23.5,0,0,14.4584,9b2d5b4678781e53038e91ea5324530a03f27dc1d0e5f6c9bc9d493a23be9de0,Tampere
15298,0,11,female,2.0,1,2,303.1,8383f5026533caa5efd695ad9e174cc65d739cbb680f0e237ad3627343bdb74f,Helsinki
15299,1,11,male,,0,0,61.0,78efe8989641ee84163f22dbaf5828087ec6c865084d426a6c4a3d3eb6a75491,Helsinki
15300,1,11,female,50.0,0,1,495.0416,f8bbbdaaa06162ba302b171170c4d9da650747734bc10a148375d02ed849a38b,Tampere
15301,1,13,female,,0,0,15.5,9b2d5b4678781e53038e91ea5324530a03f27dc1d0e5f6c9bc9d493a23be9de0,Turku
15302,1,13,male,,2,0,46.5,9b2d5b4678781e53038e91ea5324530a03f27dc1d0e5f6c9bc9d493a23be9de0,Turku
15303,0,13,male,19.0,0,0,0.0,9b2d5b4678781e53038e91ea5324530a03f27dc1d0e5f6c9bc9d493a23be9de0,Helsinki
15304,1,12,female,,0,0,24.7,85c134f55482319d860bd23bfa25054fcce14e20b57de3327680aecd58d273b7,Turku
15305,0,13,male,,0,0,16.1,9b2d5b4678781e53038e91ea5324530a03f27dc1d0e5f6c9bc9d493a23be9de0,Helsinki
15306,1,11,male,0.92,1,2,303.1,8383f5026533caa5efd695ad9e174cc65d739cbb680f0e237ad3627343bdb74f,Helsinki
15307,1,11,female,,0,0,221.7666,9b2d5b4678781e53038e91ea5324530a03f27dc1d0e5f6c9bc9d493a23be9de0,Tampere
15308,1,11,female,17.0,1,0,217.8,fc937b773b3db7276473bcde7f525158b2609bf2e2d8c3c11961f1afad969fa0,Tampere
15309,0,12,male,30.0,1,0,48.0,9b2d5b4678781e53038e91ea5324530a03f27dc1d0e5f6c9bc9d493a23be9de0,Tampere
15310,1,11,female,30.0,0,0,113.8584,e70ba215a23e2c438f86bc8ddf119c579b7bff180841c6bea16c8b32ddfc7dea,Tampere
15311,1,11,female,24.0,0,0,166.3166,6a44b555fef365ccdd36d27fa519f6bc7c2a556bfa63c04b500906eb6b4f4bab,Tampere
15312,1,11,female,18.0,2,2,524.75,dc3ea4677af595617fd4caf26cf81277fb877503b6885db3261d68dc0e7f80ee,Tampere
15313,0,12,female,26.0,1,1,52.0,9b2d5b4678781e53038e91ea5324530a03f27dc1d0e5f6c9bc9d493a23be9de0,Helsinki
15314,0,13,male,28.0,0,0,15.7916,9b2d5b4678781e53038e91ea5324530a03f27dc1d0e5f6c9bc9d493a23be9de0,Helsinki
15315,0,12,male,43.0,1,1,52.5,9b2d5b4678781e53038e91ea5324530a03f27dc1d0e5f6c9bc9d493a23be9de0,Helsinki
15316,1,13,female,26.0,0,0,15.7084,9b2d5b4678781e53038e91ea5324530a03f27dc1d0e5f6c9bc9d493a23be9de0,Helsinki
15317,1,12,female,24.0,1,0,52.0,9b2d5b4678781e53038e91ea5324530a03f27dc1d0e5f6c9bc9d493a23be9de0,Helsinki
15318,0,12,male,54.0,0,0,28.0,9b2d5b4678781e53038e91ea5324530a03f27dc1d0e5f6c9bc9d493a23be9de0,Helsinki
15319,1,11,female,31.0,0,2,329.7334,f167717fb2ed36e774225dd5b609cd208e028ba12cfc08946de444227e4e80d2,Helsinki
15320,1,11,female,40.0,1,1,269.0,85819be79f31aeb746251daac765c03d826025b366df8e777edf28812d948f72,Tampere
15321,0,13,male,22.0,0,0,14.5,9b2d5b4678781e53038e91ea5324530a03f27dc1d0e5f6c9bc9d493a23be9de0,Helsinki
15322,0,13,male,27.0,0,0,15.7916,9b2d5b4678781e53038e91ea5324530a03f27dc1d0e5f6c9bc9d493a23be9de0,Helsinki
15323,1,12,female,30.0,0,0,24.7,9b2d5b4678781e53038e91ea5324530a03f27dc1d0e5f6c9bc9d493a23be9de0,Turku
15324,1,12,female,22.0,1,1,58.0,9b2d5b4678781e53038e91ea5324530a03f27dc1d0e5f6c9bc9d493a23be9de0,Helsinki
15325,0,13,male,,8,2,139.1,9b2d5b4678781e53038e91ea5324530a03f27dc1d0e5f6c9bc9d493a23be9de0,Helsinki
15326,1,11,female,36.0,0,0,271.2666,fb44388faf2a4c02c6e64ada837ee39b2af11e805c12a9f25390281d3b65c87c,Tampere
15327,0,13,male,61.0,0,0,12.475,9b2d5b4678781e53038e91ea5324530a03f27dc1d0e5f6c9bc9d493a23be9de0,Helsinki
15328,1,12,female,36.0,0,0,26.0,3f39d5c348e5b79d06e842c114e6cc571583bbf44e4b0ebfda1a01ec05745d43,Helsinki
15329,1,13,female,31.0,1,1,41.05,9b2d5b4678781e53038e91ea5324530a03f27dc1d0e5f6c9bc9d493a23be9de0,Helsinki
15330,1,11,female,16.0,0,1,115.9584,00ceeab4df7002aad9c625c69e81c47d07f71027ad3600787a73c7e91fdf8d61,Tampere
15331,1,13,female,,2,0,46.5,9b2d5b4678781e53038e91ea5324530a03f27dc1d0e5f6c9bc9d493a23be9de0,Turku
15332,0,11,male,45.5,0,0,57.0,3241a3009222adcfd375825dcd95bd9c5c17a5e37e76cc04c121faa2f2fe569e,Helsinki
15333,0,11,male,38.0,0,1,306.925,6ab09b834603a8cb76aadd2417233a4b05e9328f21fdde6e1b95340e0eb38409,Helsinki
15334,0,13,male,16.0,2,0,36.0,9b2d5b4678781e53038e91ea5324530a03f27dc1d0e5f6c9bc9d493a23be9de0,Helsinki
15335,1,11,female,,1,0,267.3,9b2d5b4678781e53038e91ea5324530a03f27dc1d0e5f6c9bc9d493a23be9de0,Helsinki
15336,0,13,male,,0,0,15.7916,9b2d5b4678781e53038e91ea5324530a03f27dc1d0e5f6c9bc9d493a23be9de0,Helsinki
15337,0,11,male,29.0,1,0,133.2,9685eb765661ea3b95f31e1bb3c3b5501d0c2acdf353feeaa4d8fe32f95f77fb,Helsinki
15338,1,11,female,41.0,0,0,269.0,74e2b74d16f576c9ef12fc6c01a377299ec88294d40f21bb0bef6b8a74a8a73f,Tampere
15339,1,13,male,45.0,0,0,16.1,9b2d5b4678781e53038e91ea5324530a03f27dc1d0e5f6c9bc9d493a23be9de0,Helsinki
15340,0,11,male,45.0,0,0,71.0,e632b7095b0bf32c260fa4c539e9fd7b852d0de454e9be26f24d0d6f91d069d3,Helsinki
15341,1,12,male,2.0,1,1,52.0,8e2de3335023201ffa4d803767bdf12790c58f4f241554c544bde8bf7b8455a4,Helsinki
15342,1,11,female,24.0,3,2,526.0,f0d3a2a5176986eddfdd60b0b303d8fd7c4dfe3060479feee41224ef86f7174a,Helsinki
15343,0,12,male,28.0,0,0,26.0,9b2d5b4678781e53038e91ea5324530a03f27dc1d0e5f6c9bc9d493a23be9de0,Helsinki
15344,0,12,male,25.0,0,0,26.0,9b2d5b4678781e53038e91ea5324530a03f27dc1d0e5f6c9bc9d493a23be9de0,Helsinki
15345,0,12,male,36.0,0,0,26.0,9b2d5b4678781e53038e91ea5324530a03f27dc1d0e5f6c9bc9d493a23be9de0,Helsinki
15346,1,12,female,24.0,0,0,26.0,16ee13fe0dd987f3ef966e930adebd1e4f5d40f6180ac7eadb416079d5c637f1,Helsinki
15347,1,12,female,40.0,0,0,26.0,9b2d5b4678781e53038e91ea5324530a03f27dc1d0e5f6c9bc9d493a23be9de0,Helsinki
15348,1,13,female,,1,0,32.2,9b2d5b4678781e53038e91ea5324530a03f27dc1d0e5f6c9bc9d493a23be9de0,Helsinki
15349,1,13,male,3.0,1,1,31.8,9b2d5b4678781e53038e91ea5324530a03f27dc1d0e5f6c9bc9d493a23be9de0,Helsinki
15350,0,13,male,42.0,0,0,17.325,9b2d5b4678781e53038e91ea5324530a03f27dc1d0e5f6c9bc9d493a23be9de0,Helsinki
15351,0,13,male,23.0,0,0,18.45,9b2d5b4678781e53038e91ea5324530a03f27dc1d0e5f6c9bc9d493a23be9de0,Helsinki
15352,0,11,male,,0,0,70.0,f2489747780871a82ed877bb43677a1b1b4b230e3d62106d04f0d403f1ce770f,Helsinki
15353,0,13,male,15.0,1,1,14.4584,9b2d5b4678781e53038e91ea5324530a03f27dc1d0e5f6c9bc9d493a23be9de0,Tampere
15354,0,13,male,25.0,1,0,35.6,9b2d5b4678781e53038e91ea5324530a03f27dc1d0e5f6c9bc9d493a23be9de0,Helsinki
15355,0,13,male,,0,0,14.45,9b2d5b4678781e53038e91ea5324530a03f27dc1d0e5f6c9bc9d493a23be9de0,Tampere
15356,0,13,male,28.0,0,0,19.0,9b2d5b4678781e53038e91ea5324530a03f27dc1d0e5f6c9bc9d493a23be9de0,Helsinki
15357,1,11,female,22.0,0,1,110.0,f6769bd1324e0e4d7e36d66530aa56240fc9793a68372f0d68a3908a230e769a,Helsinki
15358,0,12,female,38.0,0,0,26.0,9b2d5b4678781e53038e91ea5324530a03f27dc1d0e5f6c9bc9d493a23be9de0,Helsinki
15359,1,13,female,,0,0,15.7584,9b2d5b4678781e53038e91ea5324530a03f27dc1d0e5f6c9bc9d493a23be9de0,Turku
15360,1,13,female,,0,0,15.7584,9b2d5b4678781e53038e91ea5324530a03f27dc1d0e5f6c9bc9d493a23be9de0,Turku
15361,0,13,male,40.0,1,4,55.8,9b2d5b4678781e53038e91ea5324530a03f27dc1d0e5f6c9bc9d493a23be9de0,Helsinki
15362,0,12,male,29.0,1,0,55.4416,9b2d5b4678781e53038e91ea5324530a03f27dc1d0e5f6c9bc9d493a23be9de0,Tampere
15363,0,13,female,45.0,0,1,28.9084,9b2d5b4678781e53038e91ea5324530a03f27dc1d0e5f6c9bc9d493a23be9de0,Tampere
15364,0,13,male,35.0,0,0,14.1,9b2d5b4678781e53038e91ea5324530a03f27dc1d0e5f6c9bc9d493a23be9de0,Helsinki
15365,0,13,male,,1,0,31.0,9b2d5b4678781e53038e91ea5324530a03f27dc1d0e5f6c9bc9d493a23be9de0,Turku
15366,0,13,male,30.0,0,0,14.5,9b2d5b4678781e53038e91ea5324530a03f27dc1d0e5f6c9bc9d493a23be9de0,Helsinki
15367,1,11,female,60.0,1,0,150.5,6ad1be13d317c99c8581a5b24d3d837fe3eedd1b4c88b3086c2f5582fc639a68,Tampere
15368,1,13,female,,0,0,14.4584,9b2d5b4678781e53038e91ea5324530a03f27dc1d0e5f6c9bc9d493a23be9de0,Tampere
15369,1,13,female,,0,0,15.5,9b2d5b4678781e53038e91ea5324530a03f27dc1d0e5f6c9bc9d493a23be9de0,Turku
15370,1,11,female,24.0,0,0,138.6,1f1b443b8c4bc85685c1b0e75679578c043337813e15dfb5e92e77b54c65c157,Tampere
15371,1,11,male,25.0,1,0,110.8834,ce049d6c20e0cb14ce958c5b1cbae910719a7bfda172075087d9db6f5d37ec0b,Tampere
15372,0,13,male,18.0,1,0,12.9916,9b2d5b4678781e53038e91ea5324530a03f27dc1d0e5f6c9bc9d493a23be9de0,Helsinki
15373,0,13,male,19.0,0,0,16.1,9b2d5b4678781e53038e91ea5324530a03f27dc1d0e5f6c9bc9d493a23be9de0,Helsinki
15374,0,11,male,22.0,0,0,271.2666,9b2d5b4678781e53038e91ea5324530a03f27dc1d0e5f6c9bc9d493a23be9de0,Tampere
15375,0,13,female,3.0,3,1,42.15,9b2d5b4678781e53038e91ea5324530a03f27dc1d0e5f6c9bc9d493a23be9de0,Helsinki
15376,1,11,female,,1,0,164.3416,9b2d5b4678781e53038e91ea5324530a03f27dc1d0e5f6c9bc9d493a23be9de0,Tampere
15377,1,13,female,22.0,0,0,14.5,9b2d5b4678781e53038e91ea5324530a03f27dc1d0e5f6c9bc9d493a23be9de0,Helsinki
15378,0,11,male,27.0,0,2,423.0,119cf09eea17257651a5e3839222dba726ddd878b8feddd2ea0cc3d5914e67b7,Tampere
15379,0,13,male,20.0,0,0,8.025,9b2d5b4678781e53038e91ea5324530a03f27dc1d0e5f6c9bc9d493a23be9de0,Tampere
15380,0,13,male,19.0,0,0,15.55,9b2d5b4678781e53038e91ea5324530a03f27dc1d0e5f6c9bc9d493a23be9de0,Helsinki
15381,1,11,female,42.0,0,0,455.05,9b2d5b4678781e53038e91ea5324530a03f27dc1d0e5f6c9bc9d493a23be9de0,Tampere
15382,1,13,female,1.0,0,2,31.4834,9b2d5b4678781e53038e91ea5324530a03f27dc1d0e5f6c9bc9d493a23be9de0,Tampere
15383,0,13,male,32.0,0,0,15.85,9b2d5b4678781e53038e91ea5324530a03f27dc1d0e5f6c9bc9d493a23be9de0,Helsinki
15384,1,11,female,35.0,1,0,104.0,9b2d5b4678781e53038e91ea5324530a03f27dc1d0e5f6c9bc9d493a23be9de0,Helsinki
15385,0,13,male,,0,0,15.7916,9b2d5b4678781e53038e91ea5324530a03f27dc1d0e5f6c9bc9d493a23be9de0,Helsinki
15386,0,12,male,18.0,0,0,147.0,9b2d5b4678781e53038e91ea5324530a03f27dc1d0e5f6c9bc9d493a23be9de0,Helsinki
15387,0,13,male,1.0,5,2,93.8,9b2d5b4678781e53038e91ea5324530a03f27dc1d0e5f6c9bc9d493a23be9de0,Helsinki
15388,1,12,female,36.0,0,0,26.0,9b2d5b4678781e53038e91ea5324530a03f27dc1d0e5f6c9bc9d493a23be9de0,Helsinki
15389,0,13,male,,0,0,15.4584,9b2d5b4678781e53038e91ea5324530a03f27dc1d0e5f6c9bc9d493a23be9de0,Turku
15390,1,12,female,17.0,0,0,24.0,9b2d5b4678781e53038e91ea5324530a03f27dc1d0e5f6c9bc9d493a23be9de0,Tampere
15391,1,11,male,36.0,1,2,240.0,cec0a7de7f8d6fc385250a76e38555a1f45fd5aaeb1a2ba3dbdf90a049bb0681,Helsinki
15392,1,13,male,21.0,0,0,15.5916,9b2d5b4678781e53038e91ea5324530a03f27dc1d0e5f6c9bc9d493a23be9de0,Helsinki
15393,0,13,male,28.0,2,0,15.85,9b2d5b4678781e53038e91ea5324530a03f27dc1d0e5f6c9bc9d493a23be9de0,Helsinki
15394,1,11,female,23.0,1,0,226.55,c1ded8b60ca5b4e1fa94b70d9669bcb5cb14f6da83fea7688e06fb9f53544f97,Tampere
15395,1,13,female,24.0,0,2,33.4,780d558be6960a54064f888577409d1c92eb7c3d6c65e6bf4f286a3e26dde543,Helsinki
15396,0,13,male,22.0,0,0,15.5916,9b2d5b4678781e53038e91ea5324530a03f27dc1d0e5f6c9bc9d493a23be9de0,Helsinki
15397,0,13,female,31.0,0,0,15.7084,9b2d5b4678781e53038e91ea5324530a03f27dc1d0e5f6c9bc9d493a23be9de0,Helsinki
15398,0,12,male,46.0,0,0,52.0,9b2d5b4678781e53038e91ea5324530a03f27dc1d0e5f6c9bc9d493a23be9de0,Helsinki
15399,0,12,male,23.0,0,0,21.0,9b2d5b4678781e53038e91ea5324530a03f27dc1d0e5f6c9bc9d493a23be9de0,Helsinki
15400,1,12,female,28.0,0,0,25.3,9b2d5b4678781e53038e91ea5324530a03f27dc1d0e5f6c9bc9d493a23be9de0,Helsinki
15401,1,13,male,39.0,0,0,15.85,9b2d5b4678781e53038e91ea5324530a03f27dc1d0e5f6c9bc9d493a23be9de0,Helsinki
15402,0,13,male,26.0,0,0,16.1,9b2d5b4678781e53038e91ea5324530a03f27dc1d0e5f6c9bc9d493a23be9de0,Helsinki
15403,0,13,female,21.0,1,0,19.65,9b2d5b4678781e53038e91ea5324530a03f27dc1d0e5f6c9bc9d493a23be9de0,Helsinki
15404,0,13,male,28.0,1,0,31.7,9b2d5b4678781e53038e91ea5324530a03f27dc1d0e5f6c9bc9d493a23be9de0,Helsinki
15405,0,13,female,20.0,0,0,17.325,9b2d5b4678781e53038e91ea5324530a03f27dc1d0e5f6c9bc9d493a23be9de0,Helsinki
15406,0,12,male,34.0,1,0,42.0,9b2d5b4678781e53038e91ea5324530a03f27dc1d0e5f6c9bc9d493a23be9de0,Helsinki
15407,0,13,male,51.0,0,0,15.5,9b2d5b4678781e53038e91ea5324530a03f27dc1d0e5f6c9bc9d493a23be9de0,Helsinki
15408,1,12,male,3.0,1,1,37.5,9b2d5b4678781e53038e91ea5324530a03f27dc1d0e5f6c9bc9d493a23be9de0,Helsinki
15409,0,13,male,21.0,0,0,15.55,9b2d5b4678781e53038e91ea5324530a03f27dc1d0e5f6c9bc9d493a23be9de0,Helsinki
15410,0,13,female,,3,1,50.9334,9b2d5b4678781e53038e91ea5324530a03f27dc1d0e5f6c9bc9d493a23be9de0,Helsinki
15411,0,13,male,,0,0,15.7916,9b2d5b4678781e53038e91ea5324530a03f27dc1d0e5f6c9bc9d493a23be9de0,Helsinki
15412,0,13,male,,0,0,13.7166,9b2d5b4678781e53038e91ea5324530a03f27dc1d0e5f6c9bc9d493a23be9de0,Turku
15413,1,11,female,33.0,1,0,180.0,3985f7d65f674269a90d08d141a6e94a9dec26b4bcedfde16af9ff03f7a9553c,Turku
15414,0,12,male,,0,0,0.0,9b2d5b4678781e53038e91ea5324530a03f27dc1d0e5f6c9bc9d493a23be9de0,Helsinki
15415,1,13,male,44.0,0,0,15.85,9b2d5b4678781e53038e91ea5324530a03f27dc1d0e5f6c9bc9d493a23be9de0,Helsinki
15416,0,13,female,,0,0,16.1,9b2d5b4678781e53038e91ea5324530a03f27dc1d0e5f6c9bc9d493a23be9de0,Helsinki
15417,1,12,female,34.0,1,1,65.0,9b2d5b4678781e53038e91ea5324530a03f27dc1d0e5f6c9bc9d493a23be9de0,Helsinki
15418,1,12,female,18.0,0,2,26.0,9b2d5b4678781e53038e91ea5324530a03f27dc1d0e5f6c9bc9d493a23be9de0,Helsinki
15419,0,12,male,30.0,0,0,26.0,9b2d5b4678781e53038e91ea5324530a03f27dc1d0e5f6c9bc9d493a23be9de0,Helsinki
15420,0,13,female,10.0,0,2,48.3,9b2d5b4678781e53038e91ea5324530a03f27dc1d0e5f6c9bc9d493a23be9de0,Helsinki
15421,0,13,male,,0,0,15.7916,9b2d5b4678781e53038e91ea5324530a03f27dc1d0e5f6c9bc9d493a23be9de0,Tampere
15422,0,13,male,21.0,0,0,15.4666,9b2d5b4678781e53038e91ea5324530a03f27dc1d0e5f6c9bc9d493a23be9de0,Turku
15423,0,13,male,29.0,0,0,15.75,9b2d5b4678781e53038e91ea5324530a03f27dc1d0e5f6c9bc9d493a23be9de0,Helsinki
15424,0,13,female,28.0,1,1,28.8,9b2d5b4678781e53038e91ea5324530a03f27dc1d0e5f6c9bc9d493a23be9de0,Helsinki
15425,0,13,male,18.0,1,1,40.425,9b2d5b4678781e53038e91ea5324530a03f27dc1d0e5f6c9bc9d493a23be9de0,Helsinki
15426,0,13,male,,0,0,14.5,9b2d5b4678781e53038e91ea5324530a03f27dc1d0e5f6c9bc9d493a23be9de0,Helsinki
15427,1,12,female,28.0,1,0,52.0,9b2d5b4678781e53038e91ea5324530a03f27dc1d0e5f6c9bc9d493a23be9de0,Helsinki
15428,1,12,female,19.0,0,0,52.0,9b2d5b4678781e53038e91ea5324530a03f27dc1d0e5f6c9bc9d493a23be9de0,Helsinki
15429,0,13,male,,0,0,15.5,9b2d5b4678781e53038e91ea5324530a03f27dc1d0e5f6c9bc9d493a23be9de0,Turku
15430,1,13,male,32.0,0,0,16.1,334908efbe3f2ca9f7c602d0121d0d4bef394130e1eb1ff21a1879a12b0bceb6,Helsinki
15431,1,11,male,28.0,0,0,53.1,8bcd382724ad10f5fa61a06ec296715b408693f3dad6b73aaff04a7c0100cd69,Helsinki
15432,1,13,female,,1,0,32.2,9b2d5b4678781e53038e91ea5324530a03f27dc1d0e5f6c9bc9d493a23be9de0,Helsinki
15433,1,12,female,42.0,1,0,52.0,9b2d5b4678781e53038e91ea5324530a03f27dc1d0e5f6c9bc9d493a23be9de0,Helsinki
15434,0,13,male,17.0,0,0,14.25,9b2d5b4678781e53038e91ea5324530a03f27dc1d0e5f6c9bc9d493a23be9de0,Helsinki
15435,0,11,male,50.0,1,0,111.8,e57843bfc3d6be872720d53d6f87f5ea8aadc3c6b70a30df413ff405cf6dd27e,Helsinki
15436,1,11,female,14.0,1,2,240.0,cec0a7de7f8d6fc385250a76e38555a1f45fd5aaeb1a2ba3dbdf90a049bb0681,Helsinki
15437,0,13,female,21.0,2,2,68.75,9b2d5b4678781e53038e91ea5324530a03f27dc1d0e5f6c9bc9d493a23be9de0,Helsinki
15438,1,12,female,24.0,2,3,37.5,9b2d5b4678781e53038e91ea5324530a03f27dc1d0e5f6c9bc9d493a23be9de0,Helsinki
15439,0,11,male,64.0,1,4,526.0,f0d3a2a5176986eddfdd60b0b303d8fd7c4dfe3060479feee41224ef86f7174a,Helsinki
15440,0,12,male,31.0,0,0,21.0,9b2d5b4678781e53038e91ea5324530a03f27dc1d0e5f6c9bc9d493a23be9de0,Helsinki
15441,1,12,female,45.0,1,1,52.5,9b2d5b4678781e53038e91ea5324530a03f27dc1d0e5f6c9bc9d493a23be9de0,Helsinki
15442,0,13,male,20.0,0,0,19.0,9b2d5b4678781e53038e91ea5324530a03f27dc1d0e5f6c9bc9d493a23be9de0,Helsinki
15443,0,13,male,25.0,1,0,15.55,9b2d5b4678781e53038e91ea5324530a03f27dc1d0e5f6c9bc9d493a23be9de0,Helsinki
15444,1,12,female,28.0,0,0,26.0,9b2d5b4678781e53038e91ea5324530a03f27dc1d0e5f6c9bc9d493a23be9de0,Helsinki
15445,1,13,male,,0,0,16.225,9b2d5b4678781e53038e91ea5324530a03f27dc1d0e5f6c9bc9d493a23be9de0,Helsinki
15446,1,11,male,4.0,0,2,163.7166,ba63c36f88f91aac234ffd68a1f9e2756066f4dd9b4a83d3d41f7001cc11ea1a,Helsinki
15447,1,12,female,13.0,0,1,39.0,9b2d5b4678781e53038e91ea5324530a03f27dc1d0e5f6c9bc9d493a23be9de0,Helsinki
15448,1,11,male,34.0,0,0,53.1,9b2d5b4678781e53038e91ea5324530a03f27dc1d0e5f6c9bc9d493a23be9de0,Helsinki
15449,1,13,female,5.0,2,1,38.5166,9b2d5b4678781e53038e91ea5324530a03f27dc1d0e5f6c9bc9d493a23be9de0,Tampere
15450,1,11,male,52.0,0,0,61.0,75be227ad43ad247011c62ef505b1f7fe30bf7a1af2e6f3853c9746326c4eb1e,Helsinki
15451,0,12,male,36.0,1,2,55.5,9b2d5b4678781e53038e91ea5324530a03f27dc1d0e5f6c9bc9d493a23be9de0,Helsinki
15452,0,13,male,,1,0,39.9334,9b2d5b4678781e53038e91ea5324530a03f27dc1d0e5f6c9bc9d493a23be9de0,Helsinki
15453,0,11,male,30.0,0,0,55.5,241a58e62224983283f443df870777a779db375012000e524e8c5d42cc4beede,Tampere
15454,1,11,male,49.0,1,0,178.2084,4f7d268dd72e145375135b90d8d81cb64b8b0743b31eb2f2d7c4562233f972b3,Tampere
15455,0,13,male,,0,0,16.1,9b2d5b4678781e53038e91ea5324530a03f27dc1d0e5f6c9bc9d493a23be9de0,Helsinki
15456,1,13,male,29.0,0,0,15.7916,9b2d5b4678781e53038e91ea5324530a03f27dc1d0e5f6c9bc9d493a23be9de0,Tampere
15457,0,11,male,65.0,0,0,53.1,5caf6a6116b8a46e9672324d055f4c00268c6c025ba34ddb9b2b6c7b07480cf3,Helsinki
15458,1,11,female,,1,0,103.725,fa267bb037d77a0599298151783319ce7a4ff032983503ee466717e814e43207,Helsinki
15459,1,12,female,50.0,0,0,21.0,9b2d5b4678781e53038e91ea5324530a03f27dc1d0e5f6c9bc9d493a23be9de0,Helsinki
15460,0,13,male,,0,0,15.5,9b2d5b4678781e53038e91ea5324530a03f27dc1d0e5f6c9bc9d493a23be9de0,Turku
15461,1,11,male,48.0,0,0,53.1,0bc066aabf4b5141af8c0764e4c198037eb70f116c7740b59facc2e2bf1a7277,Helsinki
15462,0,13,male,34.0,0,0,16.1,9b2d5b4678781e53038e91ea5324530a03f27dc1d0e5f6c9bc9d493a23be9de0,Helsinki
15463,0,11,male,47.0,0,0,77.0,3cab31d16c142a184623772896868ee9da5aef6009c7e14547ced3ed774978d9,Helsinki
15464,0,12,male,48.0,0,0,26.0,9b2d5b4678781e53038e91ea5324530a03f27dc1d0e5f6c9bc9d493a23be9de0,Helsinki
15465,0,13,male,,0,0,16.1,9b2d5b4678781e53038e91ea5324530a03f27dc1d0e5f6c9bc9d493a23be9de0,Helsinki
15466,0,13,male,38.0,0,0,14.1,9b2d5b4678781e53038e91ea5324530a03f27dc1d0e5f6c9bc9d493a23be9de0,Helsinki
15467,0,12,male,,0,0,0.0,9b2d5b4678781e53038e91ea5324530a03f27dc1d0e5f6c9bc9d493a23be9de0,Helsinki
15468,0,11,male,56.0,0,0,53.1,9b2d5b4678781e53038e91ea5324530a03f27dc1d0e5f6c9bc9d493a23be9de0,Helsinki
15469,0,13,male,,0,0,15.45,9b2d5b4678781e53038e91ea5324530a03f27dc1d0e5f6c9bc9d493a23be9de0,Turku
15470,1,13,female,0.75,2,1,38.5166,9b2d5b4678781e53038e91ea5324530a03f27dc1d0e5f6c9bc9d493a23be9de0,Tampere
15471,0,13,male,,0,0,14.5,9b2d5b4678781e53038e91ea5324530a03f27dc1d0e5f6c9bc9d493a23be9de0,Helsinki
15472,0,13,male,38.0,0,0,17.325,9b2d5b4678781e53038e91ea5324530a03f27dc1d0e5f6c9bc9d493a23be9de0,Helsinki
15473,1,12,female,33.0,1,2,55.5,9b2d5b4678781e53038e91ea5324530a03f27dc1d0e5f6c9bc9d493a23be9de0,Helsinki
15474,1,12,female,23.0,0,0,27.5834,3f39d5c348e5b79d06e842c114e6cc571583bbf44e4b0ebfda1a01ec05745d43,Tampere
15475,0,13,female,22.0,0,0,19.675,9b2d5b4678781e53038e91ea5324530a03f27dc1d0e5f6c9bc9d493a23be9de0,Helsinki
15476,0,11,male,,0,0,104.0,cc1e22142e7d545252f349a1d1dd84100e4441043f7485de6eeeb2f9eaea9e14,Helsinki
15477,0,12,male,34.0,1,0,42.0,9b2d5b4678781e53038e91ea5324530a03f27dc1d0e5f6c9bc9d493a23be9de0,Helsinki
15478,0,13,male,29.0,1,0,14.0916,9b2d5b4678781e53038e91ea5324530a03f27dc1d0e5f6c9bc9d493a23be9de0,Helsinki
15479,0,13,male,22.0,0,0,15.0416,9b2d5b4678781e53038e91ea5324530a03f27dc1d0e5f6c9bc9d493a23be9de0,Helsinki
15480,1,13,female,2.0,0,1,24.575,9b2d5b4678781e53038e91ea5324530a03f27dc1d0e5f6c9bc9d493a23be9de0,Helsinki
15481,0,13,male,9.0,5,2,93.8,9b2d5b4678781e53038e91ea5324530a03f27dc1d0e5f6c9bc9d493a23be9de0,Helsinki
15482,0,12,male,,0,0,0.0,9b2d5b4678781e53038e91ea5324530a03f27dc1d0e5f6c9bc9d493a23be9de0,Helsinki
15483,0,13,male,50.0,0,0,16.1,9b2d5b4678781e53038e91ea5324530a03f27dc1d0e5f6c9bc9d493a23be9de0,Helsinki
15484,1,13,female,63.0,0,0,19.175,9b2d5b4678781e53038e91ea5324530a03f27dc1d0e5f6c9bc9d493a23be9de0,Helsinki
15485,1,11,male,25.0,1,0,182.1584,2148b60771270f3f8acecb73410e0a7fb06dfc8192df52aa9ca91923d85a5cbc,Tampere
15486,0,13,female,,3,1,50.9334,9b2d5b4678781e53038e91ea5324530a03f27dc1d0e5f6c9bc9d493a23be9de0,Helsinki
15487,1,11,female,35.0,1,0,180.0,07b1e3ae8112fa9c3a4c616ad0e05ec81485abde26bfceef2ea0d9ed86ab8441,Helsinki
15488,0,11,male,58.0,0,0,59.4,22fb1725b563cd910f9280b28ccfb28d99c2381e4ea0b9d16116dbf7ad62ea3c,Tampere
15489,0,13,male,30.0,0,0,16.1,9b2d5b4678781e53038e91ea5324530a03f27dc1d0e5f6c9bc9d493a23be9de0,Helsinki
15490,1,13,male,9.0,1,1,31.8,9b2d5b4678781e53038e91ea5324530a03f27dc1d0e5f6c9bc9d493a23be9de0,Helsinki
15491,0,13,male,,1,0,39.9334,9b2d5b4678781e53038e91ea5324530a03f27dc1d0e5f6c9bc9d493a23be9de0,Helsinki
15492,0,13,male,21.0,0,0,14.5,9b2d5b4678781e53038e91ea5324530a03f27dc1d0e5f6c9bc9d493a23be9de0,Helsinki
15493,0,11,male,55.0,0,0,61.0,0de00bed022821e665d07b7f4b8e75c0c4ab0db9f3eb8ee92112e2f981df4fd7,Helsinki
15494,0,11,male,71.0,0,0,99.0084,9b2d5b4678781e53038e91ea5324530a03f27dc1d0e5f6c9bc9d493a23be9de0,Tampere
15495,0,13,male,21.0,0,0,16.1,9b2d5b4678781e53038e91ea5324530a03f27dc1d0e5f6c9bc9d493a23be9de0,Helsinki
15496,0,13,male,,0,0,28.9166,9b2d5b4678781e53038e91ea5324530a03f27dc1d0e5f6c9bc9d493a23be9de0,Tampere
15497,1,11,female,54.0,1,0,156.5334,422446d7512f61f772230f96c25069087be68c6ec57af8e1f18be7a9fad55375,Tampere
15498,0,13,male,,0,0,30.2,9b2d5b4678781e53038e91ea5324530a03f27dc1d0e5f6c9bc9d493a23be9de0,Helsinki
15499,0,11,female,25.0,1,2,303.1,8383f5026533caa5efd695ad9e174cc65d739cbb680f0e237ad3627343bdb74f,Helsinki
15500,0,13,male,24.0,0,0,15.5916,9b2d5b4678781e53038e91ea5324530a03f27dc1d0e5f6c9bc9d493a23be9de0,Helsinki
15501,0,13,male,17.0,0,0,17.325,9b2d5b4678781e53038e91ea5324530a03f27dc1d0e5f6c9bc9d493a23be9de0,Helsinki
15502,0,13,female,21.0,0,0,15.5,9b2d5b4678781e53038e91ea5324530a03f27dc1d0e5f6c9bc9d493a23be9de0,Turku
15503,0,13,female,,0,0,15.2584,9b2d5b4678781e53038e91ea5324530a03f27dc1d0e5f6c9bc9d493a23be9de0,Turku
15504,0,13,female,37.0,0,0,19.175,9b2d5b4678781e53038e91ea5324530a03f27dc1d0e5f6c9bc9d493a23be9de0,Helsinki
15505,1,11,female,16.0,0,0,173.0,d8b5d90f9fb86bbba850955e6958ab598f4e58c68425f2aadf3457b4646a3bf5,Helsinki
15506,0,11,male,18.0,1,0,217.8,fc937b773b3db7276473bcde7f525158b2609bf2e2d8c3c11961f1afad969fa0,Tampere
15507,1,12,female,33.0,0,2,52.0,9b2d5b4678781e53038e91ea5324530a03f27dc1d0e5f6c9bc9d493a23be9de0,Helsinki
15508,1,11,male,,0,0,53.1,9b2d5b4678781e53038e91ea5324530a03f27dc1d0e5f6c9bc9d493a23be9de0,Helsinki
15509,0,13,male,28.0,0,0,45.05,9b2d5b4678781e53038e91ea5324530a03f27dc1d0e5f6c9bc9d493a23be9de0,Helsinki
15510,1,13,male,26.0,0,0,112.9916,9b2d5b4678781e53038e91ea5324530a03f27dc1d0e5f6c9bc9d493a23be9de0,Helsinki
15511,1,13,male,29.0,0,0,15.5,9b2d5b4678781e53038e91ea5324530a03f27dc1d0e5f6c9bc9d493a23be9de0,Turku
15512,0,13,male,,0,0,16.1,9b2d5b4678781e53038e91ea5324530a03f27dc1d0e5f6c9bc9d493a23be9de0,Helsinki
15513,1,11,male,36.0,0,0,52.575,6335dda863cd7d6d606daf6b1d6bcc57c2a5ef4bbdb4f3e322f1ca21088cb344,Helsinki
15514,1,11,female,54.0,1,0,118.8,9b2d5b4678781e53038e91ea5324530a03f27dc1d0e5f6c9bc9d493a23be9de0,Tampere
15515,0,13,male,24.0,0,0,14.9916,9b2d5b4678781e53038e91ea5324530a03f27dc1d0e5f6c9bc9d493a23be9de0,Helsinki
15516,0,11,male,47.0,0,0,68.0416,35468dd57aad8093a1d3b3c52ddb912763a47ef963bfadf5116d7653ae29c882,Helsinki
15517,1,12,female,34.0,0,0,21.0,16ee13fe0dd987f3ef966e930adebd1e4f5d40f6180ac7eadb416079d5c637f1,Helsinki
15518,0,13,male,,0,0,48.3,9b2d5b4678781e53038e91ea5324530a03f27dc1d0e5f6c9bc9d493a23be9de0,Turku
15519,1,12,female,36.0,1,0,52.0,9b2d5b4678781e53038e91ea5324530a03f27dc1d0e5f6c9bc9d493a23be9de0,Helsinki
15520,0,13,male,32.0,0,0,15.7916,9b2d5b4678781e53038e91ea5324530a03f27dc1d0e5f6c9bc9d493a23be9de0,Helsinki
15521,1,11,female,30.0,0,0,187.0,d55d6eab4b21935eb37d5cb55ab2b82f3fb0b70489c4e88268d049afded649a5,Helsinki
15522,0,13,male,22.0,0,0,15.7916,9b2d5b4678781e53038e91ea5324530a03f27dc1d0e5f6c9bc9d493a23be9de0,Helsinki
15523,0,13,male,,0,0,14.45,9b2d5b4678781e53038e91ea5324530a03f27dc1d0e5f6c9bc9d493a23be9de0,Tampere
15524,1,11,female,44.0,0,1,115.9584,00ceeab4df7002aad9c625c69e81c47d07f71027ad3600787a73c7e91fdf8d61,Tampere
15525,0,13,male,,0,0,14.4584,9b2d5b4678781e53038e91ea5324530a03f27dc1d0e5f6c9bc9d493a23be9de0,Tampere
15526,0,13,male,40.5,0,0,15.5,9b2d5b4678781e53038e91ea5324530a03f27dc1d0e5f6c9bc9d493a23be9de0,Turku
15527,1,12,female,50.0,0,0,21.0,9b2d5b4678781e53038e91ea5324530a03f27dc1d0e5f6c9bc9d493a23be9de0,Helsinki
15528,0,11,male,,0,0,443.5584,755cf05f97ca8bafd67a842df20ada5e4d0d4d982d6efc7d9a959929c05d9755,Helsinki
15529,0,13,male,39.0,0,0,15.85,9b2d5b4678781e53038e91ea5324530a03f27dc1d0e5f6c9bc9d493a23be9de0,Helsinki
15530,0,12,male,23.0,2,1,23.0,9b2d5b4678781e53038e91ea5324530a03f27dc1d0e5f6c9bc9d493a23be9de0,Helsinki
15531,1,12,female,2.0,1,1,52.0,9b2d5b4678781e53038e91ea5324530a03f27dc1d0e5f6c9bc9d493a23be9de0,Helsinki
15532,0,13,male,,0,0,14.4584,9b2d5b4678781e53038e91ea5324530a03f27dc1d0e5f6c9bc9d493a23be9de0,Tampere
15533,0,13,male,17.0,1,1,14.4584,9b2d5b4678781e53038e91ea5324530a03f27dc1d0e5f6c9bc9d493a23be9de0,Tampere
15534,1,13,female,,0,2,44.7166,9b2d5b4678781e53038e91ea5324530a03f27dc1d0e5f6c9bc9d493a23be9de0,Tampere
15535,0,13,female,30.0,0,0,17.325,9b2d5b4678781e53038e91ea5324530a03f27dc1d0e5f6c9bc9d493a23be9de0,Helsinki
15536,1,12,female,7.0,0,2,52.5,9b2d5b4678781e53038e91ea5324530a03f27dc1d0e5f6c9bc9d493a23be9de0,Helsinki
15537,0,11,male,45.0,0,0,53.1,72d639f06638a8bd2212fe30825432dcfeb6060899122be2bd41ac34a6e87071,Helsinki
15538,1,11,female,30.0,0,0,212.85,9b2d5b4678781e53038e91ea5324530a03f27dc1d0e5f6c9bc9d493a23be9de0,Tampere
15539,0,13,male,,0,0,29.0,9b2d5b4678781e53038e91ea5324530a03f27dc1d0e5f6c9bc9d493a23be9de0,Helsinki
15540,1,11,female,22.0,0,2,99.0,a0f5ea4c2d1b4535a96a522797c26698af5e4699f4324f6d9b1ec53bfe5b99e3,Tampere
15541,1,11,female,36.0,0,2,142.0,fc29f17088f10d1df8502ae289be98fdf6de8b52549aa03cd02f7c92018d9855,Helsinki
15542,0,13,female,9.0,4,2,62.55,9b2d5b4678781e53038e91ea5324530a03f27dc1d0e5f6c9bc9d493a23be9de0,Helsinki
15543,0,13,female,11.0,4,2,62.55,9b2d5b4678781e53038e91ea5324530a03f27dc1d0e5f6c9bc9d493a23be9de0,Helsinki
15544,1,12,male,32.0,1,0,52.0,9b2d5b4678781e53038e91ea5324530a03f27dc1d0e5f6c9bc9d493a23be9de0,Helsinki
15545,0,11,male,50.0,1,0,212.85,a07652f7a1f194255377458edf9932192fdac2ce140be69f99fc5bc10e3c085f,Tampere
15546,0,11,male,64.0,0,0,52.0,9b2d5b4678781e53038e91ea5324530a03f27dc1d0e5f6c9bc9d493a23be9de0,Helsinki
15547,1,12,female,19.0,1,0,52.0,9b2d5b4678781e53038e91ea5324530a03f27dc1d0e5f6c9bc9d493a23be9de0,Helsinki
15548,1,12,male,,0,0,27.725,9b2d5b4678781e53038e91ea5324530a03f27dc1d0e5f6c9bc9d493a23be9de0,Tampere
15549,0,13,male,33.0,1,1,41.05,9b2d5b4678781e53038e91ea5324530a03f27dc1d0e5f6c9bc9d493a23be9de0,Helsinki
15550,1,12,male,8.0,1,1,73.5,9b2d5b4678781e53038e91ea5324530a03f27dc1d0e5f6c9bc9d493a23be9de0,Helsinki
15551,1,11,male,17.0,0,2,221.7666,184f477d7ed10a857797a91abaad285f91a48aa03fe6f5c87e41cb2b7ca59c69,Tampere
15552,0,12,male,27.0,0,0,52.0,9b2d5b4678781e53038e91ea5324530a03f27dc1d0e5f6c9bc9d493a23be9de0,Helsinki
15553,0,13,male,,0,0,15.6584,9b2d5b4678781e53038e91ea5324530a03f27dc1d0e5f6c9bc9d493a23be9de0,Turku
15554,1,13,male,22.0,0,0,14.45,9b2d5b4678781e53038e91ea5324530a03f27dc1d0e5f6c9bc9d493a23be9de0,Tampere
15555,1,13,female,22.0,0,0,15.55,9b2d5b4678781e53038e91ea5324530a03f27dc1d0e5f6c9bc9d493a23be9de0,Helsinki
15556,0,11,male,62.0,0,0,53.1,9b2d5b4678781e53038e91ea5324530a03f27dc1d0e5f6c9bc9d493a23be9de0,Helsinki
15557,1,11,female,48.0,1,0,79.2,14a839c6693b8068f90616e2fd312dfbefc3a2099b1498093c7e15a8a74aa215,Tampere
15558,0,11,male,,0,0,455.05,9b2d5b4678781e53038e91ea5324530a03f27dc1d0e5f6c9bc9d493a23be9de0,Tampere
15559,1,11,female,39.0,1,1,159.3,1aa01628a8d946b198f7e62ed3ead50bec11d2d5ff75bc2d6ccf3bab176baccc,Helsinki
15560,1,13,female,36.0,1,0,34.8,9b2d5b4678781e53038e91ea5324530a03f27dc1d0e5f6c9bc9d493a23be9de0,Helsinki
15561,0,13,male,,0,0,15.5,9b2d5b4678781e53038e91ea5324530a03f27dc1d0e5f6c9bc9d493a23be9de0,Turku
15562,0,13,male,40.0,0,0,15.7916,9b2d5b4678781e53038e91ea5324530a03f27dc1d0e5f6c9bc9d493a23be9de0,Helsinki
15563,0,12,male,28.0,0,0,27.0,9b2d5b4678781e53038e91ea5324530a03f27dc1d0e5f6c9bc9d493a23be9de0,Helsinki
15564,0,13,male,,0,0,16.1,9b2d5b4678781e53038e91ea5324530a03f27dc1d0e5f6c9bc9d493a23be9de0,Helsinki
15565,0,13,female,,0,0,16.1,9b2d5b4678781e53038e91ea5324530a03f27dc1d0e5f6c9bc9d493a23be9de0,Helsinki
15566,0,13,male,24.0,2,0,48.3,9b2d5b4678781e53038e91ea5324530a03f27dc1d0e5f6c9bc9d493a23be9de0,Helsinki
15567,0,13,male,19.0,0,0,15.7916,9b2d5b4678781e53038e91ea5324530a03f27dc1d0e5f6c9bc9d493a23be9de0,Helsinki
15568,0,13,female,29.0,0,4,42.15,9b2d5b4678781e53038e91ea5324530a03f27dc1d0e5f6c9bc9d493a23be9de0,Helsinki
15569,0,13,male,,0,0,14.4584,9b2d5b4678781e53038e91ea5324530a03f27dc1d0e5f6c9bc9d493a23be9de0,Tampere
15570,1,13,male,32.0,0,0,15.7084,9b2d5b4678781e53038e91ea5324530a03f27dc1d0e5f6c9bc9d493a23be9de0,Helsinki
15571,1,12,male,62.0,0,0,21.0,9b2d5b4678781e53038e91ea5324530a03f27dc1d0e5f6c9bc9d493a23be9de0,Helsinki
15572,1,11,female,53.0,2,0,102.9584,e4cbec8fd6863bcef0781231bc081ace094e6bcec348e07e44f14c3505c2e784,Helsinki
15573,1,11,male,36.0,0,0,52.775,6335dda863cd7d6d606daf6b1d6bcc57c2a5ef4bbdb4f3e322f1ca21088cb344,Helsinki
15574,1,13,female,,0,0,15.5,9b2d5b4678781e53038e91ea5324530a03f27dc1d0e5f6c9bc9d493a23be9de0,Turku
15575,0,13,male,16.0,0,0,16.1,9b2d5b4678781e53038e91ea5324530a03f27dc1d0e5f6c9bc9d493a23be9de0,Helsinki
15576,0,13,male,19.0,0,0,29.0,9b2d5b4678781e53038e91ea5324530a03f27dc1d0e5f6c9bc9d493a23be9de0,Helsinki
15577,1,12,female,34.0,0,0,26.0,9b2d5b4678781e53038e91ea5324530a03f27dc1d0e5f6c9bc9d493a23be9de0,Helsinki
15578,1,11,female,39.0,1,0,111.8,e57843bfc3d6be872720d53d6f87f5ea8aadc3c6b70a30df413ff405cf6dd27e,Helsinki
15579,0,13,female,,1,0,28.9166,9b2d5b4678781e53038e91ea5324530a03f27dc1d0e5f6c9bc9d493a23be9de0,Tampere
15580,1,13,male,32.0,0,0,15.85,9b2d5b4678781e53038e91ea5324530a03f27dc1d0e5f6c9bc9d493a23be9de0,Helsinki
15581,1,12,female,25.0,1,1,60.0,9b2d5b4678781e53038e91ea5324530a03f27dc1d0e5f6c9bc9d493a23be9de0,Helsinki
15582,1,11,female,39.0,1,1,221.7666,1e1ad640b442062e86b7d6922f70d6dd6ff8e371edbaf512bc72b799fedcfa85,Tampere
15583,0,12,male,54.0,0,0,52.0,9b2d5b4678781e53038e91ea5324530a03f27dc1d0e5f6c9bc9d493a23be9de0,Helsinki
15584,0,11,male,36.0,0,0,80.25,ad0608725cbbdbc36406d149067a32b0a77a524b5fff5183cc76c0d6b7f935b5,Tampere
15585,0,13,male,,0,0,17.425,9b2d5b4678781e53038e91ea5324530a03f27dc1d0e5f6c9bc9d493a23be9de0,Tampere
15586,1,11,female,18.0,0,2,159.3,806654289f855ced7c2d66853973d824898963bef7d8407367b8983da59ad113,Helsinki
15587,0,12,male,47.0,0,0,30.0,9b2d5b4678781e53038e91ea5324530a03f27dc1d0e5f6c9bc9d493a23be9de0,Helsinki
15588,1,11,male,60.0,1,1,158.4,db42705c08392386b13dfdf55b4b3e66624e468fbdf9d394ef27ec33235a8e5c,Tampere
15589,0,13,male,22.0,0,0,16.1,9b2d5b4678781e53038e91ea5324530a03f27dc1d0e5f6c9bc9d493a23be9de0,Helsinki
15590,0,13,male,,0,0,16.1,9b2d5b4678781e53038e91ea5324530a03f27dc1d0e5f6c9bc9d493a23be9de0,Helsinki
15591,0,13,male,35.0,0,0,14.25,9b2d5b4678781e53038e91ea5324530a03f27dc1d0e5f6c9bc9d493a23be9de0,Helsinki
15592,1,11,female,52.0,1,0,156.5334,422446d7512f61f772230f96c25069087be68c6ec57af8e1f18be7a9fad55375,Tampere
15593,0,13,male,47.0,0,0,14.5,9b2d5b4678781e53038e91ea5324530a03f27dc1d0e5f6c9bc9d493a23be9de0,Helsinki
15594,0,13,female,,0,2,15.5,9b2d5b4678781e53038e91ea5324530a03f27dc1d0e5f6c9bc9d493a23be9de0,Turku
15595,0,12,male,37.0,1,0,52.0,9b2d5b4678781e53038e91ea5324530a03f27dc1d0e5f6c9bc9d493a23be9de0,Helsinki
15596,0,13,male,36.0,1,1,48.3,9b2d5b4678781e53038e91ea5324530a03f27dc1d0e5f6c9bc9d493a23be9de0,Helsinki
15597,1,12,female,,0,0,66.0,9b2d5b4678781e53038e91ea5324530a03f27dc1d0e5f6c9bc9d493a23be9de0,Helsinki
15598,0,13,male,49.0,0,0,0.0,9b2d5b4678781e53038e91ea5324530a03f27dc1d0e5f6c9bc9d493a23be9de0,Helsinki
15599,0,13,male,,0,0,14.45,9b2d5b4678781e53038e91ea5324530a03f27dc1d0e5f6c9bc9d493a23be9de0,Tampere
15600,1,11,male,49.0,1,0,113.8584,084835c6a489af317ddfff6b377e01134991a265341024e3e82cdaad72c0c4bf,Tampere
15601,1,12,female,24.0,2,1,54.0,9b2d5b4678781e53038e91ea5324530a03f27dc1d0e5f6c9bc9d493a23be9de0,Helsinki
15602,0,13,male,,0,0,15.7916,9b2d5b4678781e53038e91ea5324530a03f27dc1d0e5f6c9bc9d493a23be9de0,Helsinki
15603,0,11,male,,0,0,84.8,9b2d5b4678781e53038e91ea5324530a03f27dc1d0e5f6c9bc9d493a23be9de0,Helsinki
15604,0,13,male,44.0,0,0,16.1,9b2d5b4678781e53038e91ea5324530a03f27dc1d0e5f6c9bc9d493a23be9de0,Helsinki
15605,1,11,male,35.0,0,0,53.1,9b2d5b4678781e53038e91ea5324530a03f27dc1d0e5f6c9bc9d493a23be9de0,Tampere
15606,0,13,male,36.0,1,0,31.1,9b2d5b4678781e53038e91ea5324530a03f27dc1d0e5f6c9bc9d493a23be9de0,Helsinki
15607,0,13,male,30.0,0,0,15.7916,9b2d5b4678781e53038e91ea5324530a03f27dc1d0e5f6c9bc9d493a23be9de0,Helsinki
15608,1,11,male,27.0,0,0,61.0,9b2d5b4678781e53038e91ea5324530a03f27dc1d0e5f6c9bc9d493a23be9de0,Helsinki
15609,1,12,female,22.0,1,2,83.1584,9b2d5b4678781e53038e91ea5324530a03f27dc1d0e5f6c9bc9d493a23be9de0,Tampere
15610,1,11,female,40.0,0,0,306.925,138934917dd656ee435ecfcd2434e53133bbf7d293b25a1f7debcf01f2e50071,Helsinki
15611,0,13,female,39.0,1,5,62.55,9b2d5b4678781e53038e91ea5324530a03f27dc1d0e5f6c9bc9d493a23be9de0,Helsinki
15612,0,13,male,,0,0,14.1,9b2d5b4678781e53038e91ea5324530a03f27dc1d0e5f6c9bc9d493a23be9de0,Helsinki
15613,1,13,female,,1,0,31.0,9b2d5b4678781e53038e91ea5324530a03f27dc1d0e5f6c9bc9d493a23be9de0,Turku
15614,0,13,male,,0,0,15.5,9b2d5b4678781e53038e91ea5324530a03f27dc1d0e5f6c9bc9d493a23be9de0,Turku
15615,0,13,male,35.0,0,0,16.1,9b2d5b4678781e53038e91ea5324530a03f27dc1d0e5f6c9bc9d493a23be9de0,Helsinki
15616,1,12,female,24.0,1,2,130.0,9b2d5b4678781e53038e91ea5324530a03f27dc1d0e5f6c9bc9d493a23be9de0,Helsinki
15617,0,13,male,34.0,1,1,28.8,9b2d5b4678781e53038e91ea5324530a03f27dc1d0e5f6c9bc9d493a23be9de0,Helsinki
15618,0,13,female,26.0,1,0,32.2,9b2d5b4678781e53038e91ea5324530a03f27dc1d0e5f6c9bc9d493a23be9de0,Helsinki
15619,1,12,female,4.0,2,1,78.0,015b7913470194d2a46ead719afc7768a3c4e8af770766cfe7898d7d834c0362,Helsinki
15620,0,12,male,26.0,0,0,21.0,9b2d5b4678781e53038e91ea5324530a03f27dc1d0e5f6c9bc9d493a23be9de0,Helsinki
15621,0,13,male,27.0,1,0,28.9084,9b2d5b4678781e53038e91ea5324530a03f27dc1d0e5f6c9bc9d493a23be9de0,Tampere
15622,1,11,male,42.0,1,0,105.1084,039d35a39f1d47b9fbcf9e375f44c59313398d6379cb908517fbd7ea38197d44,Helsinki
15623,1,13,male,20.0,1,1,31.4834,9b2d5b4678781e53038e91ea5324530a03f27dc1d0e5f6c9bc9d493a23be9de0,Tampere
15624,0,13,male,21.0,0,0,15.7084,9b2d5b4678781e53038e91ea5324530a03f27dc1d0e5f6c9bc9d493a23be9de0,Helsinki
15625,0,13,male,21.0,0,0,32.2,9b2d5b4678781e53038e91ea5324530a03f27dc1d0e5f6c9bc9d493a23be9de0,Helsinki
15626,0,11,male,61.0,0,0,64.6416,cd989f27acf849a0d953d910e6a2930cb364445fda1917c824df551ef8b0e643,Helsinki
15627,0,12,male,57.0,0,0,24.7,9b2d5b4678781e53038e91ea5324530a03f27dc1d0e5f6c9bc9d493a23be9de0,Turku
15628,1,11,female,21.0,0,0,155.9166,9102326afa32b91a69f6abf5a9505b78f6828ffd9b5ab3d7a78ada019738046e,Helsinki
15629,0,13,male,26.0,0,0,15.7916,9b2d5b4678781e53038e91ea5324530a03f27dc1d0e5f6c9bc9d493a23be9de0,Helsinki
15630,0,13,male,,0,0,15.4666,9b2d5b4678781e53038e91ea5324530a03f27dc1d0e5f6c9bc9d493a23be9de0,Turku
15631,1,11,male,80.0,0,0,60.0,f717e70eea85cfe1f6ee5d2766fbe5bbf519fe418166ae6f9e0e7927730973e0,Helsinki
15632,0,13,male,51.0,0,0,14.1084,9b2d5b4678781e53038e91ea5324530a03f27dc1d0e5f6c9bc9d493a23be9de0,Helsinki
15633,1,11,male,32.0,0,0,61.0,d04a8acdbbbab87b9302c6f62bcc57a9326700be073a160aee372cda61cc87cd,Tampere
15634,0,11,male,,0,0,0.0,9b2d5b4678781e53038e91ea5324530a03f27dc1d0e5f6c9bc9d493a23be9de0,Helsinki
15635,0,13,female,9.0,3,2,55.8,9b2d5b4678781e53038e91ea5324530a03f27dc1d0e5f6c9bc9d493a23be9de0,Helsinki
15636,1,12,female,28.0,0,0,26.0,9b2d5b4678781e53038e91ea5324530a03f27dc1d0e5f6c9bc9d493a23be9de0,Helsinki
15637,0,13,male,32.0,0,0,15.85,9b2d5b4678781e53038e91ea5324530a03f27dc1d0e5f6c9bc9d493a23be9de0,Helsinki
15638,0,12,male,31.0,1,1,52.5,9b2d5b4678781e53038e91ea5324530a03f27dc1d0e5f6c9bc9d493a23be9de0,Helsinki
15639,0,13,female,41.0,0,5,79.375,9b2d5b4678781e53038e91ea5324530a03f27dc1d0e5f6c9bc9d493a23be9de0,Helsinki
15640,0,13,male,,1,0,32.2,9b2d5b4678781e53038e91ea5324530a03f27dc1d0e5f6c9bc9d493a23be9de0,Helsinki
15641,0,13,male,20.0,0,0,15.7084,9b2d5b4678781e53038e91ea5324530a03f27dc1d0e5f6c9bc9d493a23be9de0,Helsinki
15642,1,11,female,24.0,0,0,138.6,1f1b443b8c4bc85685c1b0e75679578c043337813e15dfb5e92e77b54c65c157,Tampere
15643,0,13,female,2.0,3,2,55.8,9b2d5b4678781e53038e91ea5324530a03f27dc1d0e5f6c9bc9d493a23be9de0,Helsinki
15644,1,13,male,,0,0,112.9916,9b2d5b4678781e53038e91ea5324530a03f27dc1d0e5f6c9bc9d493a23be9de0,Helsinki
15645,1,13,female,0.75,2,1,38.5166,9b2d5b4678781e53038e91ea5324530a03f27dc1d0e5f6c9bc9d493a23be9de0,Tampere
15646,1,11,male,48.0,1,0,153.4584,2581665cb758846f14fa52761c4c872ec17877cd157cd9e86146266d2ecfe997,Tampere
15647,0,13,male,19.0,0,0,15.7916,9b2d5b4678781e53038e91ea5324530a03f27dc1d0e5f6c9bc9d493a23be9de0,Helsinki
15648,1,11,male,56.0,0,0,71.0,9b5f0e69a7656f3852ae6f7f991050518b3cc3e54d25d3d14a6450833a1f5c26,Tampere
15649,0,13,male,,0,0,15.1,9b2d5b4678781e53038e91ea5324530a03f27dc1d0e5f6c9bc9d493a23be9de0,Helsinki
15650,1,13,female,23.0,0,0,15.1,9b2d5b4678781e53038e91ea5324530a03f27dc1d0e5f6c9bc9d493a23be9de0,Helsinki
15651,0,13,male,,0,0,15.7916,9b2d5b4678781e53038e91ea5324530a03f27dc1d0e5f6c9bc9d493a23be9de0,Helsinki
15652,1,12,female,18.0,0,1,46.0,9b2d5b4678781e53038e91ea5324530a03f27dc1d0e5f6c9bc9d493a23be9de0,Helsinki
15653,0,13,male,21.0,0,0,16.8666,9b2d5b4678781e53038e91ea5324530a03f27dc1d0e5f6c9bc9d493a23be9de0,Helsinki
15654,1,13,female,,0,0,15.6584,9b2d5b4678781e53038e91ea5324530a03f27dc1d0e5f6c9bc9d493a23be9de0,Turku
15655,0,13,female,18.0,0,0,13.5,9b2d5b4678781e53038e91ea5324530a03f27dc1d0e5f6c9bc9d493a23be9de0,Turku
15656,0,12,male,24.0,2,0,147.0,9b2d5b4678781e53038e91ea5324530a03f27dc1d0e5f6c9bc9d493a23be9de0,Helsinki
15657,0,13,male,,0,0,15.7916,9b2d5b4678781e53038e91ea5324530a03f27dc1d0e5f6c9bc9d493a23be9de0,Helsinki
15658,0,13,female,32.0,1,1,31.0,9b2d5b4678781e53038e91ea5324530a03f27dc1d0e5f6c9bc9d493a23be9de0,Turku
15659,0,12,male,23.0,0,0,26.0,9b2d5b4678781e53038e91ea5324530a03f27dc1d0e5f6c9bc9d493a23be9de0,Helsinki
15660,0,11,male,58.0,0,2,226.55,b29479dae349fca2473137537095f704c039784b2e0f5eecd3700daf1a3f30db,Tampere
15661,1,11,male,50.0,2,0,267.3,9b2d5b4678781e53038e91ea5324530a03f27dc1d0e5f6c9bc9d493a23be9de0,Helsinki
15662,0,13,male,40.0,0,0,14.45,9b2d5b4678781e53038e91ea5324530a03f27dc1d0e5f6c9bc9d493a23be9de0,Tampere
15663,0,11,male,47.0,0,0,51.175,809ebb83bb52ff4a937228d019993afaa5fe85be08bb2c20e12ad58a3a8056e7,Helsinki
15664,0,13,male,36.0,0,0,14.9916,9b2d5b4678781e53038e91ea5324530a03f27dc1d0e5f6c9bc9d493a23be9de0,Helsinki
15665,1,13,male,20.0,1,0,15.85,9b2d5b4678781e53038e91ea5324530a03f27dc1d0e5f6c9bc9d493a23be9de0,Helsinki
15666,0,12,male,32.0,2,0,147.0,9b2d5b4678781e53038e91ea5324530a03f27dc1d0e5f6c9bc9d493a23be9de0,Helsinki
15667,0,12,male,25.0,0,0,26.0,9b2d5b4678781e53038e91ea5324530a03f27dc1d0e5f6c9bc9d493a23be9de0,Helsinki
15668,0,13,male,,0,0,15.55,9b2d5b4678781e53038e91ea5324530a03f27dc1d0e5f6c9bc9d493a23be9de0,Helsinki
15669,0,13,male,43.0,0,0,16.1,9b2d5b4678781e53038e91ea5324530a03f27dc1d0e5f6c9bc9d493a23be9de0,Helsinki
15670,1,11,female,,1,0,104.0,2b91af5c48803ac896787b907e2665810edd16b1469790d06e8abbff77f0d199,Helsinki
15671,1,12,female,40.0,1,1,78.0,9b2d5b4678781e53038e91ea5324530a03f27dc1d0e5f6c9bc9d493a23be9de0,Helsinki
15672,0,11,male,31.0,1,0,104.0,bb0081dd21382f865f0321e7527c54208773a6a51112b383becbb25fb41d33dc,Helsinki
15673,0,12,male,70.0,0,0,21.0,9b2d5b4678781e53038e91ea5324530a03f27dc1d0e5f6c9bc9d493a23be9de0,Helsinki
15674,1,12,male,31.0,0,0,26.0,9b2d5b4678781e53038e91ea5324530a03f27dc1d0e5f6c9bc9d493a23be9de0,Helsinki
15675,0,12,male,,0,0,0.0,9b2d5b4678781e53038e91ea5324530a03f27dc1d0e5f6c9bc9d493a23be9de0,Helsinki
15676,0,13,male,18.0,0,0,15.55,9b2d5b4678781e53038e91ea5324530a03f27dc1d0e5f6c9bc9d493a23be9de0,Helsinki
15677,0,13,male,24.5,0,0,16.1,9b2d5b4678781e53038e91ea5324530a03f27dc1d0e5f6c9bc9d493a23be9de0,Helsinki
15678,1,13,female,18.0,0,0,19.6834,9b2d5b4678781e53038e91ea5324530a03f27dc1d0e5f6c9bc9d493a23be9de0,Helsinki
15679,0,13,female,43.0,1,6,93.8,9b2d5b4678781e53038e91ea5324530a03f27dc1d0e5f6c9bc9d493a23be9de0,Helsinki
15680,1,11,male,36.0,0,1,1024.6584,e27e52bd4d3aaeb744b147f114c9a851a66fc087c25ce3d4b71d8332f7dd3e55,Tampere
15681,0,13,female,,0,0,16.275,9b2d5b4678781e53038e91ea5324530a03f27dc1d0e5f6c9bc9d493a23be9de0,Turku
15682,1,11,male,27.0,0,0,153.4584,2f7436f1d3f6a1dd35c7f318ca5ef701e54cf81cc809889a836cafa593b7d292,Tampere
15683,0,13,male,20.0,0,0,18.45,9b2d5b4678781e53038e91ea5324530a03f27dc1d0e5f6c9bc9d493a23be9de0,Helsinki
15684,0,13,male,14.0,5,2,93.8,9b2d5b4678781e53038e91ea5324530a03f27dc1d0e5f6c9bc9d493a23be9de0,Helsinki
15685,0,12,male,60.0,1,1,78.0,9b2d5b4678781e53038e91ea5324530a03f27dc1d0e5f6c9bc9d493a23be9de0,Helsinki
15686,0,12,male,25.0,1,2,83.1584,9b2d5b4678781e53038e91ea5324530a03f27dc1d0e5f6c9bc9d493a23be9de0,Tampere
15687,0,13,male,14.0,4,1,79.375,9b2d5b4678781e53038e91ea5324530a03f27dc1d0e5f6c9bc9d493a23be9de0,Helsinki
15688,0,13,male,19.0,0,0,20.3416,9b2d5b4678781e53038e91ea5324530a03f27dc1d0e5f6c9bc9d493a23be9de0,Helsinki
15689,0,13,male,18.0,0,0,15.5916,9b2d5b4678781e53038e91ea5324530a03f27dc1d0e5f6c9bc9d493a23be9de0,Helsinki
15690,1,11,female,15.0,0,1,422.675,5ba2c833c5d65e649e4b4fa4d426223f3300650f874e32c4451d9346ce6469e2,Helsinki
15691,1,11,male,31.0,1,0,114.0,5d73ebde81987d4c7512a0432572a87d9d31a7b8074dde9c4846f6c74dc3429e,Helsinki
15692,1,13,female,4.0,0,1,26.8334,9b2d5b4678781e53038e91ea5324530a03f27dc1d0e5f6c9bc9d493a23be9de0,Tampere
15693,1,13,male,,0,0,112.9916,9b2d5b4678781e53038e91ea5324530a03f27dc1d0e5f6c9bc9d493a23be9de0,Helsinki
15694,0,13,male,25.0,0,0,14.45,9b2d5b4678781e53038e91ea5324530a03f27dc1d0e5f6c9bc9d493a23be9de0,Tampere
15695,0,11,male,60.0,0,0,53.1,9b2d5b4678781e53038e91ea5324530a03f27dc1d0e5f6c9bc9d493a23be9de0,Helsinki
15696,0,12,male,52.0,0,0,27.0,9b2d5b4678781e53038e91ea5324530a03f27dc1d0e5f6c9bc9d493a23be9de0,Helsinki
15697,0,13,male,44.0,0,0,16.1,9b2d5b4678781e53038e91ea5324530a03f27dc1d0e5f6c9bc9d493a23be9de0,Helsinki
15698,1,13,female,,0,0,15.4666,9b2d5b4678781e53038e91ea5324530a03f27dc1d0e5f6c9bc9d493a23be9de0,Turku
15699,0,11,male,49.0,1,1,221.7666,1e1ad640b442062e86b7d6922f70d6dd6ff8e371edbaf512bc72b799fedcfa85,Tampere
15700,0,13,male,42.0,0,0,15.3,f9af0edaadf68c4bd99a47e816ca3d19325fd22cd703627aa683a06f7775520d,Helsinki
15701,1,11,female,18.0,1,0,455.05,328ea209b7bfd0535de7c56fb03aef18effc20a4e05f6ade5e03e83c446c8812,Tampere
15702,1,11,male,35.0,0,0,52.575,370fbb66eb4c6599439b15cef549a8b4db480b404dffb1578e68e7e7831d4eba,Helsinki
15703,0,13,female,18.0,0,1,28.9084,9b2d5b4678781e53038e91ea5324530a03f27dc1d0e5f6c9bc9d493a23be9de0,Tampere
15704,0,13,male,25.0,0,0,15.4834,9b2d5b4678781e53038e91ea5324530a03f27dc1d0e5f6c9bc9d493a23be9de0,Turku
15705,0,13,male,26.0,1,0,15.7084,9b2d5b4678781e53038e91ea5324530a03f27dc1d0e5f6c9bc9d493a23be9de0,Helsinki
15706,0,12,male,39.0,0,0,52.0,9b2d5b4678781e53038e91ea5324530a03f27dc1d0e5f6c9bc9d493a23be9de0,Helsinki
15707,1,12,female,45.0,0,0,27.0,9b2d5b4678781e53038e91ea5324530a03f27dc1d0e5f6c9bc9d493a23be9de0,Helsinki
15708,1,11,male,42.0,0,0,52.575,370fbb66eb4c6599439b15cef549a8b4db480b404dffb1578e68e7e7831d4eba,Helsinki
15709,1,11,female,22.0,0,0,303.1,9b2d5b4678781e53038e91ea5324530a03f27dc1d0e5f6c9bc9d493a23be9de0,Helsinki
15710,1,13,male,,1,1,30.4916,9b2d5b4678781e53038e91ea5324530a03f27dc1d0e5f6c9bc9d493a23be9de0,Tampere
15711,1,11,female,24.0,0,0,99.0084,11a0ef133d9d7f6aabe844b5c8a78d5e093278eb8b5fd9f4f30152811f35a426,Tampere
15712,0,11,male,,0,0,53.1,3241a3009222adcfd375825dcd95bd9c5c17a5e37e76cc04c121faa2f2fe569e,Helsinki
15713,1,11,male,48.0,1,0,104.0,2b91af5c48803ac896787b907e2665810edd16b1469790d06e8abbff77f0d199,Helsinki
15714,0,13,male,29.0,0,0,18.9666,9b2d5b4678781e53038e91ea5324530a03f27dc1d0e5f6c9bc9d493a23be9de0,Helsinki
15715,0,12,male,52.0,0,0,26.0,9b2d5b4678781e53038e91ea5324530a03f27dc1d0e5f6c9bc9d493a23be9de0,Helsinki
15716,0,13,male,19.0,0,0,15.3,61aa86472f61ce6ed9e6dcbf446c0a537ee0355161d961bc5ce18a9877a2737e,Helsinki
15717,1,11,female,38.0,0,0,455.05,f3dea8a4125c29c0eaac7ac03c80c7957f59669e1ff129ac3e1cea2923b4d32a,Tampere
15718,1,12,female,27.0,0,0,21.0,85c134f55482319d860bd23bfa25054fcce14e20b57de3327680aecd58d273b7,Helsinki
15719,0,13,male,,0,0,31.0,9b2d5b4678781e53038e91ea5324530a03f27dc1d0e5f6c9bc9d493a23be9de0,Turku
15720,0,13,male,33.0,0,0,15.55,9b2d5b4678781e53038e91ea5324530a03f27dc1d0e5f6c9bc9d493a23be9de0,Helsinki
15721,1,12,female,6.0,0,1,66.0,9b2d5b4678781e53038e91ea5324530a03f27dc1d0e5f6c9bc9d493a23be9de0,Helsinki
15722,0,13,male,17.0,1,0,14.1084,9b2d5b4678781e53038e91ea5324530a03f27dc1d0e5f6c9bc9d493a23be9de0,Helsinki
15723,0,12,male,34.0,0,0,26.0,9b2d5b4678781e53038e91ea5324530a03f27dc1d0e5f6c9bc9d493a23be9de0,Helsinki
15724,0,12,male,50.0,0,0,26.0,9b2d5b4678781e53038e91ea5324530a03f27dc1d0e5f6c9bc9d493a23be9de0,Helsinki
15725,1,11,male,27.0,1,0,106.2,a8d0a1117e28efe9d9bcd29833dd103ca8f1110f68e814dbff635c08c6d71907,Helsinki
15726,0,13,male,20.0,0,0,17.325,9b2d5b4678781e53038e91ea5324530a03f27dc1d0e5f6c9bc9d493a23be9de0,Helsinki
15727,1,12,female,30.0,3,0,42.0,9b2d5b4678781e53038e91ea5324530a03f27dc1d0e5f6c9bc9d493a23be9de0,Helsinki
15728,1,13,female,,0,0,15.475,9b2d5b4678781e53038e91ea5324530a03f27dc1d0e5f6c9bc9d493a23be9de0,Turku
15729,0,12,male,25.0,1,0,52.0,9b2d5b4678781e53038e91ea5324530a03f27dc1d0e5f6c9bc9d493a23be9de0,Helsinki
15730,0,13,female,25.0,1,0,15.85,9b2d5b4678781e53038e91ea5324530a03f27dc1d0e5f6c9bc9d493a23be9de0,Helsinki
15731,1,11,female,29.0,0,0,422.675,5ba2c833c5d65e649e4b4fa4d426223f3300650f874e32c4451d9346ce6469e2,Helsinki
15732,0,13,male,11.0,0,0,37.575,9b2d5b4678781e53038e91ea5324530a03f27dc1d0e5f6c9bc9d493a23be9de0,Tampere
15733,0,12,male,,0,0,0.0,9b2d5b4678781e53038e91ea5324530a03f27dc1d0e5f6c9bc9d493a23be9de0,Helsinki
15734,0,12,male,23.0,0,0,26.0,9b2d5b4678781e53038e91ea5324530a03f27dc1d0e5f6c9bc9d493a23be9de0,Helsinki
15735,0,12,male,23.0,0,0,26.0,9b2d5b4678781e53038e91ea5324530a03f27dc1d0e5f6c9bc9d493a23be9de0,Helsinki
15736,0,13,male,28.5,0,0,32.2,9b2d5b4678781e53038e91ea5324530a03f27dc1d0e5f6c9bc9d493a23be9de0,Helsinki
15737,0,13,female,48.0,1,3,68.75,9b2d5b4678781e53038e91ea5324530a03f27dc1d0e5f6c9bc9d493a23be9de0,Helsinki
15738,1,11,male,35.0,0,0,1024.6584,a73e4fa472d032bf3e96138be85b2f1864ca3cccc70e3dfebc3e4d37e593ddf2,Tampere
15739,0,13,male,,0,0,15.7916,9b2d5b4678781e53038e91ea5324530a03f27dc1d0e5f6c9bc9d493a23be9de0,Helsinki
15740,0,13,male,,0,0,15.7916,9b2d5b4678781e53038e91ea5324530a03f27dc1d0e5f6c9bc9d493a23be9de0,Helsinki
15741,1,11,male,,0,0,60.0,49d045f8a478853ba272d4755f78abd543280cc5bf44f8d9d6ea1009fdad0fae,Helsinki
15742,0,11,male,36.0,1,0,157.7,a3d1a50c125601d332671111c0d857dbd40671097fc1fa7e97c5fefd1290e951,Helsinki
15743,1,11,female,21.0,2,2,524.75,dc3ea4677af595617fd4caf26cf81277fb877503b6885db3261d68dc0e7f80ee,Tampere
15744,0,13,male,24.0,1,0,32.2,9b2d5b4678781e53038e91ea5324530a03f27dc1d0e5f6c9bc9d493a23be9de0,Helsinki
15745,1,13,male,31.0,0,0,15.85,9b2d5b4678781e53038e91ea5324530a03f27dc1d0e5f6c9bc9d493a23be9de0,Helsinki
15746,0,11,male,70.0,1,1,142.0,fc29f17088f10d1df8502ae289be98fdf6de8b52549aa03cd02f7c92018d9855,Helsinki
15747,0,13,male,16.0,1,1,40.5,9b2d5b4678781e53038e91ea5324530a03f27dc1d0e5f6c9bc9d493a23be9de0,Helsinki
15748,1,12,female,30.0,0,0,26.0,9b2d5b4678781e53038e91ea5324530a03f27dc1d0e5f6c9bc9d493a23be9de0,Helsinki
15749,0,11,male,19.0,1,0,106.2,11c3fe679912570c17c2cf1d343f8b800c027803d821248e8c84b990358b8724,Helsinki
15750,0,13,male,31.0,0,0,15.5,9b2d5b4678781e53038e91ea5324530a03f27dc1d0e5f6c9bc9d493a23be9de0,Turku
15751,1,12,female,4.0,1,1,46.0,9b2d5b4678781e53038e91ea5324530a03f27dc1d0e5f6c9bc9d493a23be9de0,Helsinki
15752,1,13,male,6.0,0,1,24.95,c620fe58b43a61dfebfc36f729a320d4b6265d63bbd32b2f1d8f440413b3163b,Helsinki
15753,0,13,male,33.0,0,0,19.0,9b2d5b4678781e53038e91ea5324530a03f27dc1d0e5f6c9bc9d493a23be9de0,Helsinki
15754,0,13,male,23.0,0,0,15.7916,9b2d5b4678781e53038e91ea5324530a03f27dc1d0e5f6c9bc9d493a23be9de0,Helsinki
15755,1,12,female,48.0,1,2,130.0,9b2d5b4678781e53038e91ea5324530a03f27dc1d0e5f6c9bc9d493a23be9de0,Helsinki
15756,1,12,male,0.67,1,1,29.0,9b2d5b4678781e53038e91ea5324530a03f27dc1d0e5f6c9bc9d493a23be9de0,Helsinki
15757,0,13,male,28.0,0,0,15.5916,9b2d5b4678781e53038e91ea5324530a03f27dc1d0e5f6c9bc9d493a23be9de0,Helsinki
15758,0,12,male,18.0,0,0,23.0,9b2d5b4678781e53038e91ea5324530a03f27dc1d0e5f6c9bc9d493a23be9de0,Helsinki
15759,0,13,male,34.0,0,0,16.1,9b2d5b4678781e53038e91ea5324530a03f27dc1d0e5f6c9bc9d493a23be9de0,Helsinki
15760,1,11,female,33.0,0,0,173.0,7e08c42e4ed0c7b8564a761383b0927a7d90dfc66ea8c99c8ebd19b743fcd821,Helsinki
15761,0,13,male,,0,0,29.0,9b2d5b4678781e53038e91ea5324530a03f27dc1d0e5f6c9bc9d493a23be9de0,Helsinki
15762,0,13,male,41.0,0,0,14.25,9b2d5b4678781e53038e91ea5324530a03f27dc1d0e5f6c9bc9d493a23be9de0,Helsinki
15763,1,13,male,20.0,0,0,14.4584,9b2d5b4678781e53038e91ea5324530a03f27dc1d0e5f6c9bc9d493a23be9de0,Tampere
15764,1,11,female,36.0,1,2,240.0,cec0a7de7f8d6fc385250a76e38555a1f45fd5aaeb1a2ba3dbdf90a049bb0681,Helsinki
15765,0,13,male,16.0,0,0,15.55,9b2d5b4678781e53038e91ea5324530a03f27dc1d0e5f6c9bc9d493a23be9de0,Helsinki
15766,1,11,female,51.0,1,0,155.9166,a7dc9aa658db149b641d28252d72e0b081504170be70b919c22bcefc43e5b33c,Helsinki
15767,0,11,male,,0,0,79.2,9b2d5b4678781e53038e91ea5324530a03f27dc1d0e5f6c9bc9d493a23be9de0,Tampere
15768,0,13,female,30.5,0,0,15.5,9b2d5b4678781e53038e91ea5324530a03f27dc1d0e5f6c9bc9d493a23be9de0,Turku
15769,0,13,male,,1,0,48.3,9b2d5b4678781e53038e91ea5324530a03f27dc1d0e5f6c9bc9d493a23be9de0,Turku
15770,0,13,male,32.0,0,0,16.725,9b2d5b4678781e53038e91ea5324530a03f27dc1d0e5f6c9bc9d493a23be9de0,Helsinki
15771,0,13,male,24.0,0,0,19.0,9b2d5b4678781e53038e91ea5324530a03f27dc1d0e5f6c9bc9d493a23be9de0,Helsinki
15772,0,13,male,48.0,0,0,15.7084,9b2d5b4678781e53038e91ea5324530a03f27dc1d0e5f6c9bc9d493a23be9de0,Helsinki
15773,0,12,female,57.0,0,0,21.0,e2f3213d0dd01b34af8a68a2e45fe797babadcba92d049c60bd5060d7be24386,Helsinki
15774,0,13,male,,0,0,14.45,9b2d5b4678781e53038e91ea5324530a03f27dc1d0e5f6c9bc9d493a23be9de0,Tampere
15775,1,12,female,54.0,1,3,46.0,9b2d5b4678781e53038e91ea5324530a03f27dc1d0e5f6c9bc9d493a23be9de0,Helsinki
15776,0,13,male,18.0,0,0,15.5,9b2d5b4678781e53038e91ea5324530a03f27dc1d0e5f6c9bc9d493a23be9de0,Helsinki
15777,0,13,male,,0,0,15.5,55302eddf0633f866941206568887bb8fddf89fdebfed78c8c98451519be76d0,Turku
15778,1,13,female,5.0,0,0,24.95,9b2d5b4678781e53038e91ea5324530a03f27dc1d0e5f6c9bc9d493a23be9de0,Helsinki
15779,0,13,male,,0,0,15.475,9b2d5b4678781e53038e91ea5324530a03f27dc1d0e5f6c9bc9d493a23be9de0,Turku
15780,1,11,female,43.0,0,1,422.675,0cd20d37dbaa799d1d2f6f04adbab0b9e958b083f38e06512cdefadd20863f98,Helsinki
15781,1,13,female,13.0,0,0,14.4584,9b2d5b4678781e53038e91ea5324530a03f27dc1d0e5f6c9bc9d493a23be9de0,Tampere
15782,1,11,female,17.0,1,0,114.0,5d73ebde81987d4c7512a0432572a87d9d31a7b8074dde9c4846f6c74dc3429e,Helsinki
15783,0,11,male,29.0,0,0,60.0,ed35195ae02792a34387364493a4c766809f13a5d2b597830d70db652bd1afa4,Helsinki
15784,0,13,male,,1,2,46.9,9b2d5b4678781e53038e91ea5324530a03f27dc1d0e5f6c9bc9d493a23be9de0,Helsinki
15785,0,13,male,25.0,0,0,14.1,9b2d5b4678781e53038e91ea5324530a03f27dc1d0e5f6c9bc9d493a23be9de0,Helsinki
15786,0,13,male,25.0,0,0,14.5,9b2d5b4678781e53038e91ea5324530a03f27dc1d0e5f6c9bc9d493a23be9de0,Helsinki
15787,1,13,female,18.0,0,0,14.9916,9b2d5b4678781e53038e91ea5324530a03f27dc1d0e5f6c9bc9d493a23be9de0,Helsinki
15788,0,13,male,8.0,4,1,58.25,9b2d5b4678781e53038e91ea5324530a03f27dc1d0e5f6c9bc9d493a23be9de0,Turku
15789,1,13,male,1.0,1,2,41.15,9b2d5b4678781e53038e91ea5324530a03f27dc1d0e5f6c9bc9d493a23be9de0,Helsinki
15790,0,11,male,46.0,0,0,158.4,3fb46682abd7e169c4666abf6193481d9652911471e5e479ae21bcc53e086b9b,Tampere
15791,0,13,male,,0,0,15.5,9b2d5b4678781e53038e91ea5324530a03f27dc1d0e5f6c9bc9d493a23be9de0,Turku
15792,0,12,male,16.0,0,0,52.0,9b2d5b4678781e53038e91ea5324530a03f27dc1d0e5f6c9bc9d493a23be9de0,Helsinki
15793,0,13,female,,8,2,139.1,9b2d5b4678781e53038e91ea5324530a03f27dc1d0e5f6c9bc9d493a23be9de0,Helsinki
15794,0,11,male,,0,0,61.3916,9b2d5b4678781e53038e91ea5324530a03f27dc1d0e5f6c9bc9d493a23be9de0,Tampere
15795,0,13,male,25.0,0,0,15.7916,9b2d5b4678781e53038e91ea5324530a03f27dc1d0e5f6c9bc9d493a23be9de0,Helsinki
15796,0,12,male,39.0,0,0,26.0,9b2d5b4678781e53038e91ea5324530a03f27dc1d0e5f6c9bc9d493a23be9de0,Helsinki
15797,1,11,female,49.0,0,0,51.8584,1d3a071aecf272a7b72d68659ffd251c94a39817614912fc97fc969725000774,Helsinki
15798,1,13,female,31.0,0,0,17.3666,9b2d5b4678781e53038e91ea5324530a03f27dc1d0e5f6c9bc9d493a23be9de0,Helsinki
15799,0,13,male,30.0,0,0,14.4584,9b2d5b4678781e53038e91ea5324530a03f27dc1d0e5f6c9bc9d493a23be9de0,Tampere
15800,0,13,female,30.0,1,1,48.3,9b2d5b4678781e53038e91ea5324530a03f27dc1d0e5f6c9bc9d493a23be9de0,Helsinki
15801,0,12,male,34.0,0,0,26.0,9b2d5b4678781e53038e91ea5324530a03f27dc1d0e5f6c9bc9d493a23be9de0,Helsinki
15802,1,12,female,31.0,1,1,52.5,9b2d5b4678781e53038e91ea5324530a03f27dc1d0e5f6c9bc9d493a23be9de0,Helsinki
15803,1,11,male,11.0,1,2,240.0,cec0a7de7f8d6fc385250a76e38555a1f45fd5aaeb1a2ba3dbdf90a049bb0681,Helsinki
15804,1,13,male,0.42,0,1,17.0334,9b2d5b4678781e53038e91ea5324530a03f27dc1d0e5f6c9bc9d493a23be9de0,Tampere
15805,1,13,male,27.0,0,0,13.95,9b2d5b4678781e53038e91ea5324530a03f27dc1d0e5f6c9bc9d493a23be9de0,Helsinki
15806,0,13,male,31.0,0,0,15.55,9b2d5b4678781e53038e91ea5324530a03f27dc1d0e5f6c9bc9d493a23be9de0,Helsinki
15807,0,11,male,39.0,0,0,0.0,b3f6c1cee0b57ba9e239527a2a8c84e38b7ee5d965e3f393fc75480e9f388771,Helsinki
15808,0,13,female,18.0,0,0,15.55,9b2d5b4678781e53038e91ea5324530a03f27dc1d0e5f6c9bc9d493a23be9de0,Helsinki
15809,0,12,male,39.0,0,0,26.0,9b2d5b4678781e53038e91ea5324530a03f27dc1d0e5f6c9bc9d493a23be9de0,Helsinki
15810,1,11,female,33.0,1,0,106.2,a8d0a1117e28efe9d9bcd29833dd103ca8f1110f68e814dbff635c08c6d71907,Helsinki
15811,0,13,male,26.0,0,0,15.775,9b2d5b4678781e53038e91ea5324530a03f27dc1d0e5f6c9bc9d493a23be9de0,Helsinki
15812,0,13,male,39.0,0,0,48.3,9b2d5b4678781e53038e91ea5324530a03f27dc1d0e5f6c9bc9d493a23be9de0,Helsinki
15813,0,12,male,35.0,0,0,21.0,9b2d5b4678781e53038e91ea5324530a03f27dc1d0e5f6c9bc9d493a23be9de0,Helsinki
15814,0,13,female,6.0,4,2,62.55,9b2d5b4678781e53038e91ea5324530a03f27dc1d0e5f6c9bc9d493a23be9de0,Helsinki
15815,0,13,male,30.5,0,0,16.1,9b2d5b4678781e53038e91ea5324530a03f27dc1d0e5f6c9bc9d493a23be9de0,Helsinki
15816,0,11,male,,0,0,0.0,e259d7f2b3bd6b7ebbdad82a258ae0b7d8fb2b49121808ba92a1700edc3336f4,Helsinki
15817,0,13,female,23.0,0,0,15.85,9b2d5b4678781e53038e91ea5324530a03f27dc1d0e5f6c9bc9d493a23be9de0,Helsinki
15818,0,12,male,31.0,1,1,74.0084,9b2d5b4678781e53038e91ea5324530a03f27dc1d0e5f6c9bc9d493a23be9de0,Tampere
15819,0,13,male,43.0,0,0,12.9,9b2d5b4678781e53038e91ea5324530a03f27dc1d0e5f6c9bc9d493a23be9de0,Helsinki
15820,0,13,male,10.0,3,2,55.8,9b2d5b4678781e53038e91ea5324530a03f27dc1d0e5f6c9bc9d493a23be9de0,Helsinki
15821,1,11,female,52.0,1,1,187.0,5c91317348b7257fe925c31338faf9a3875488736af4f99c18d0611d43e1eb23,Helsinki
15822,1,13,male,27.0,0,0,17.325,9b2d5b4678781e53038e91ea5324530a03f27dc1d0e5f6c9bc9d493a23be9de0,Helsinki
15823,0,11,male,38.0,0,0,0.0,9b2d5b4678781e53038e91ea5324530a03f27dc1d0e5f6c9bc9d493a23be9de0,Helsinki
15824,1,13,female,27.0,0,1,24.95,c620fe58b43a61dfebfc36f729a320d4b6265d63bbd32b2f1d8f440413b3163b,Helsinki
15825,0,13,male,2.0,4,1,79.375,9b2d5b4678781e53038e91ea5324530a03f27dc1d0e5f6c9bc9d493a23be9de0,Helsinki
15826,0,13,male,,0,0,13.9,9b2d5b4678781e53038e91ea5324530a03f27dc1d0e5f6c9bc9d493a23be9de0,Turku
15827,0,13,male,,0,0,112.9916,9b2d5b4678781e53038e91ea5324530a03f27dc1d0e5f6c9bc9d493a23be9de0,Helsinki
15828,1,12,male,1.0,0,2,74.0084,9b2d5b4678781e53038e91ea5324530a03f27dc1d0e5f6c9bc9d493a23be9de0,Tampere
15829,1,13,male,,0,0,15.5,9b2d5b4678781e53038e91ea5324530a03f27dc1d0e5f6c9bc9d493a23be9de0,Turku
15830,1,11,female,62.0,0,0,160.0,8abdf1580603d91a8e255690a4b7381a36aff7b0c4c0c6589831ddf165aca75c,
15831,1,13,female,15.0,1,0,28.9084,9b2d5b4678781e53038e91ea5324530a03f27dc1d0e5f6c9bc9d493a23be9de0,Tampere
15832,1,12,male,0.83,1,1,37.5,9b2d5b4678781e53038e91ea5324530a03f27dc1d0e5f6c9bc9d493a23be9de0,Helsinki
15833,0,13,male,,0,0,14.4584,9b2d5b4678781e53038e91ea5324530a03f27dc1d0e5f6c9bc9d493a23be9de0,Tampere
15834,0,13,male,23.0,0,0,15.7084,9b2d5b4678781e53038e91ea5324530a03f27dc1d0e5f6c9bc9d493a23be9de0,Helsinki
15835,0,13,male,18.0,0,0,16.6,9b2d5b4678781e53038e91ea5324530a03f27dc1d0e5f6c9bc9d493a23be9de0,Helsinki
15836,1,11,female,39.0,1,1,166.3166,31098ba063379ccdfb8ac347f4127820e736ec8c103edd479d2ed44c5aa7a09c,Tampere
15837,0,13,male,21.0,0,0,17.325,9b2d5b4678781e53038e91ea5324530a03f27dc1d0e5f6c9bc9d493a23be9de0,Helsinki
15838,0,13,male,,0,0,16.1,9b2d5b4678781e53038e91ea5324530a03f27dc1d0e5f6c9bc9d493a23be9de0,Helsinki
15839,1,13,male,32.0,0,0,112.9916,9b2d5b4678781e53038e91ea5324530a03f27dc1d0e5f6c9bc9d493a23be9de0,Helsinki
15840,1,11,male,,0,0,59.4,f5c594ef3bfbace437101cb4e8c22ce1f76cfa071fca259e0d0ec040a436e174,Tampere
15841,0,13,male,20.0,0,0,15.85,9b2d5b4678781e53038e91ea5324530a03f27dc1d0e5f6c9bc9d493a23be9de0,Helsinki
15842,0,12,male,16.0,0,0,21.0,9b2d5b4678781e53038e91ea5324530a03f27dc1d0e5f6c9bc9d493a23be9de0,Helsinki
15843,1,11,female,30.0,0,0,62.0,9b2d5b4678781e53038e91ea5324530a03f27dc1d0e5f6c9bc9d493a23be9de0,Tampere
15844,0,13,male,34.5,0,0,12.875,9b2d5b4678781e53038e91ea5324530a03f27dc1d0e5f6c9bc9d493a23be9de0,Tampere
15845,0,13,male,17.0,0,0,17.325,9b2d5b4678781e53038e91ea5324530a03f27dc1d0e5f6c9bc9d493a23be9de0,Helsinki
15846,0,13,male,42.0,0,0,15.1,9b2d5b4678781e53038e91ea5324530a03f27dc1d0e5f6c9bc9d493a23be9de0,Helsinki
15847,0,13,male,,8,2,139.1,9b2d5b4678781e53038e91ea5324530a03f27dc1d0e5f6c9bc9d493a23be9de0,Helsinki
15848,0,13,male,35.0,0,0,15.7916,9b2d5b4678781e53038e91ea5324530a03f27dc1d0e5f6c9bc9d493a23be9de0,Tampere
15849,0,12,male,28.0,0,1,66.0,9b2d5b4678781e53038e91ea5324530a03f27dc1d0e5f6c9bc9d493a23be9de0,Helsinki
15850,1,11,female,,1,0,178.2084,4f7d268dd72e145375135b90d8d81cb64b8b0743b31eb2f2d7c4562233f972b3,Tampere
15851,0,13,male,4.0,4,2,62.55,9b2d5b4678781e53038e91ea5324530a03f27dc1d0e5f6c9bc9d493a23be9de0,Helsinki
15852,0,13,male,74.0,0,0,15.55,9b2d5b4678781e53038e91ea5324530a03f27dc1d0e5f6c9bc9d493a23be9de0,Helsinki
15853,0,13,female,9.0,1,1,30.4916,9b2d5b4678781e53038e91ea5324530a03f27dc1d0e5f6c9bc9d493a23be9de0,Tampere
15854,1,11,female,16.0,0,1,78.8,7e406bbc6d5b1e57f9208c77cf12e04a31c7ece0dde08f907e59a1a848c242a8,Helsinki
15855,0,12,female,44.0,1,0,52.0,9b2d5b4678781e53038e91ea5324530a03f27dc1d0e5f6c9bc9d493a23be9de0,Helsinki
15856,1,13,female,18.0,0,1,18.7,9b2d5b4678781e53038e91ea5324530a03f27dc1d0e5f6c9bc9d493a23be9de0,Helsinki
15857,1,11,female,45.0,1,1,329.7334,9b2d5b4678781e53038e91ea5324530a03f27dc1d0e5f6c9bc9d493a23be9de0,Helsinki
15858,1,11,male,51.0,0,0,53.1,036d49609e998881fc2eed488bc07ba535bc39740fec14b7f114698583e80983,Helsinki
15859,1,13,female,24.0,0,3,38.5166,9b2d5b4678781e53038e91ea5324530a03f27dc1d0e5f6c9bc9d493a23be9de0,Tampere
15860,0,13,male,,0,0,14.4584,9b2d5b4678781e53038e91ea5324530a03f27dc1d0e5f6c9bc9d493a23be9de0,Tampere
15861,0,13,male,41.0,2,0,28.2166,9b2d5b4678781e53038e91ea5324530a03f27dc1d0e5f6c9bc9d493a23be9de0,Helsinki
15862,0,12,male,21.0,1,0,23.0,9b2d5b4678781e53038e91ea5324530a03f27dc1d0e5f6c9bc9d493a23be9de0,Helsinki
15863,1,11,female,48.0,0,0,51.8584,1d3a071aecf272a7b72d68659ffd251c94a39817614912fc97fc969725000774,Helsinki
15864,0,13,female,,8,2,139.1,9b2d5b4678781e53038e91ea5324530a03f27dc1d0e5f6c9bc9d493a23be9de0,Helsinki
15865,0,12,male,24.0,0,0,26.0,9b2d5b4678781e53038e91ea5324530a03f27dc1d0e5f6c9bc9d493a23be9de0,Helsinki
15866,1,12,female,42.0,0,0,26.0,9b2d5b4678781e53038e91ea5324530a03f27dc1d0e5f6c9bc9d493a23be9de0,Helsinki
15867,1,12,female,27.0,1,0,27.7166,9b2d5b4678781e53038e91ea5324530a03f27dc1d0e5f6c9bc9d493a23be9de0,Tampere
15868,0,11,male,31.0,0,0,100.9916,3b0312e666f0f59e4510fd1b3b671919d7b58db0edb5a690bbcaa11a4c335816,Helsinki
15869,0,13,male,,0,0,19.0,9b2d5b4678781e53038e91ea5324530a03f27dc1d0e5f6c9bc9d493a23be9de0,Helsinki
15870,1,13,male,4.0,1,1,22.2666,9b2d5b4678781e53038e91ea5324530a03f27dc1d0e5f6c9bc9d493a23be9de0,Helsinki
15871,0,13,male,26.0,0,0,15.7916,9b2d5b4678781e53038e91ea5324530a03f27dc1d0e5f6c9bc9d493a23be9de0,Helsinki
15872,1,11,female,47.0,1,1,105.1084,a5882870f8cff482dc6f0292fa5530fa6b8e637bcb12fd88738f6859c66d9ac2,Helsinki
15873,0,11,male,33.0,0,0,10.0,e27e52bd4d3aaeb744b147f114c9a851a66fc087c25ce3d4b71d8332f7dd3e55,Helsinki
15874,0,13,male,47.0,0,0,18.0,9b2d5b4678781e53038e91ea5324530a03f27dc1d0e5f6c9bc9d493a23be9de0,Helsinki
15875,1,12,female,28.0,1,0,48.0,9b2d5b4678781e53038e91ea5324530a03f27dc1d0e5f6c9bc9d493a23be9de0,Tampere
15876,1,13,female,15.0,0,0,14.45,9b2d5b4678781e53038e91ea5324530a03f27dc1d0e5f6c9bc9d493a23be9de0,Tampere
15877,0,13,male,20.0,0,0,19.6916,9b2d5b4678781e53038e91ea5324530a03f27dc1d0e5f6c9bc9d493a23be9de0,Helsinki
15878,0,13,male,19.0,0,0,15.7916,9b2d5b4678781e53038e91ea5324530a03f27dc1d0e5f6c9bc9d493a23be9de0,Helsinki
15879,0,13,male,,0,0,15.7916,9b2d5b4678781e53038e91ea5324530a03f27dc1d0e5f6c9bc9d493a23be9de0,Helsinki
15880,1,11,female,56.0,0,1,166.3166,f4f4ab46a407fcadc695fa1d49f0070e241c1c6fe16f48e2841577f8b831e141,Tampere
15881,1,12,female,25.0,0,1,52.0,9b2d5b4678781e53038e91ea5324530a03f27dc1d0e5f6c9bc9d493a23be9de0,Helsinki
15882,0,13,male,33.0,0,0,15.7916,9b2d5b4678781e53038e91ea5324530a03f27dc1d0e5f6c9bc9d493a23be9de0,Helsinki
15883,0,13,female,22.0,0,0,21.0334,9b2d5b4678781e53038e91ea5324530a03f27dc1d0e5f6c9bc9d493a23be9de0,Helsinki
15884,0,12,male,28.0,0,0,21.0,9b2d5b4678781e53038e91ea5324530a03f27dc1d0e5f6c9bc9d493a23be9de0,Helsinki
15885,0,13,male,25.0,0,0,14.1,9b2d5b4678781e53038e91ea5324530a03f27dc1d0e5f6c9bc9d493a23be9de0,Helsinki
15886,0,13,female,39.0,0,5,58.25,9b2d5b4678781e53038e91ea5324530a03f27dc1d0e5f6c9bc9d493a23be9de0,Turku
15887,0,12,male,27.0,0,0,26.0,9b2d5b4678781e53038e91ea5324530a03f27dc1d0e5f6c9bc9d493a23be9de0,Helsinki
15888,1,11,female,19.0,0,0,60.0,72294ba1616ddcaee48e56501040e876d26bd0c1839f3cddd34900f590f717a4,Helsinki
15889,0,13,female,,1,2,46.9,9b2d5b4678781e53038e91ea5324530a03f27dc1d0e5f6c9bc9d493a23be9de0,Helsinki
15890,1,11,male,26.0,0,0,60.0,a2b612f45840d6f27b1a73ddae7f50e0bd9c4935903de602fdbc2da6d62e06a8,Tampere
15891,0,13,male,32.0,0,0,15.5,9b2d5b4678781e53038e91ea5324530a03f27dc1d0e5f6c9bc9d493a23be9de0,Turku
